100644	Android.bp	1390cc29bcb385dc69fb2d603150e3ed6854cc2c	1048	d93805f6f89123e673df199981e6c159672ad3c591b2742882c65e17a8036899
100644	METADATA	d97975ca3b99b2c09e1d43944d83625c0aee561e	39	0c5e478ce932b46a4caf164ecfa3e099f2508acc701e1b567a1436f8e3c01c95
100644	OWNERS	6be1a5338cddee5367d39cec6e78020f73ba1f79	140	26c8d18c21472a6483eb24ea482bbb8a7b8318b9066f5a42e37da0d2a54a64c4
100644	README.md	21e300fd4f24ec8b6c1fab1edec2bcf101efe3ab	9487	9c7235ac0d14b2c6b0a8a1eb03be47e91581865b9a472cbf1892ac8e5ec54756
100644	approved-ogki-builds.xml	0e2374bb8c2a6542b7ee55eb4848999f93c19e5d	9769	a3f93dcd4ce6748cc9af17c88610ceac7f505f9eaf284910b616666410872380
100644	b/android-6.12/Android.bp	777c9a600d4a9dae42d5849ebe33c11a62dc0146	1509	8371811e40f978efca206d67e94ad7a3e2423604dea607993a0416847adff5ed
100644	b/android-6.12/android-base-conditional.xml	fda288b71b064f019ac54301a318074ab9d3e3c6	4513	6a35967ebb67b8b7e3e142a0fc6cfcf9ccd28e7c4bb7d6f9abd8041adc98418d
100644	b/android-6.12/android-base.config	1481e996d55e5708efdd4dda4ace58088ac9dc2d	6322	36df37f260bc880ae66a45eeb899236f8979fe52cf9d0e635f00b5efd12ca3b3
100644	b/android-6.12/android-tv-base-conditional.xml	a2da054339ec6608ee1fd9a18828c045c8015608	4686	acbb565bdce3abf745beb7769b9a737d1aa3c82749360a89e35f99161405b1a1
100644	b/android-6.12/android-tv-base.config	1a86cc0b65a3cae81427b95b48f5c6dc91951a10	6301	aa8c1cf946fab600fe3608478429489cc34941d030bdbf6dc4043431256b50d2
100644	build/Android.bp	f2983eb345ae793d1c615968373f61c8eaa6b04b	1026	85eb74f408c5c60bea7a199d628f30427c64ad989977e9d7c9db4c3370fb80d1
100644	build/kernel_config.go	75e6aa4cb54947dd9831870ede51d3dcc2ca9626	4593	e1396639b281ef29d1fe5e51c0b0965af9ff2dc8d75fdd93b9be3dd1eb4100e8
100644	c/android-6.12/Android.bp	181bbb376187eb0ab2f74c742ff92a80482da40d	1510	724cd9229a097e5e518ade6bf8d3bb6d81a2c31f6f214460068bbf1461f7f98a
100644	c/android-6.12/android-base-conditional.xml	fda288b71b064f019ac54301a318074ab9d3e3c6	4513	6a35967ebb67b8b7e3e142a0fc6cfcf9ccd28e7c4bb7d6f9abd8041adc98418d
100644	c/android-6.12/android-base.config	1481e996d55e5708efdd4dda4ace58088ac9dc2d	6322	36df37f260bc880ae66a45eeb899236f8979fe52cf9d0e635f00b5efd12ca3b3
100644	c/android-6.12/android-tv-base-conditional.xml	a2da054339ec6608ee1fd9a18828c045c8015608	4686	acbb565bdce3abf745beb7769b9a737d1aa3c82749360a89e35f99161405b1a1
100644	c/android-6.12/android-tv-base.config	1a86cc0b65a3cae81427b95b48f5c6dc91951a10	6301	aa8c1cf946fab600fe3608478429489cc34941d030bdbf6dc4043431256b50d2
100644	kernel-lifetimes.xml	14bf5914cf6fc14bd59b62ded32fae8d3f919768	8283	6d8b0dc6f4b435f3193e6eade5f01ef20c5d2733d765cf65c6dadf0fa432b770
100644	r/android-5.4/Android.bp	0ea8bbce59218388b5e4c323982230924b8daf5f	962	489c482955887a0af2f8b6ee223ff502dc7fe88140021ac34a7152c29ee33e39
100644	r/android-5.4/android-base-conditional.xml	8725cd36a71f6c9da18631bc217284503dbb4432	3182	ca6b266361df06c38a569f654a774f325f86231ea0fe3c66872ccef2e870cb4e
100644	r/android-5.4/android-base.config	15c784cc248f3a4add3531ca049ba5390a744d88	6016	cd7a9109c926158c8db718d981e15f92c83dd006c59882edb193336090789a22
100644	r/android-5.4/android-recommended-arm.config	1ff0342423a147f9e75a784d34fa7c8e7414dfb1	145	3990c4d4f54b94d62a1c40f4e028fc1eb061a59e180c58617aaaafa1211e5f67
100644	r/android-5.4/android-recommended-arm64.config	16ec836f60dce83d684c89a77a0e14dbd3d995db	188	62c170d86977d6d920e43d26221aa8a9eafc1f36027879609afadd85c6d7e4d2
100644	r/android-5.4/android-recommended-x86.config	0388b3fc37cd4a6c81f46be190c515436ba34460	133	b3db3466d25d5b29b27a48ececd67a83853090a3d8cb2a6455b3c2841000c978
100644	r/android-5.4/android-recommended.config	de28508ae657f05d4df949eea33f9a4112765f2c	2896	095d3fa08e9e6a971263d1630d2aced67ad8b57a3b89bb72c9c997c7e4ac2b2e
100644	r/android-5.4/non_debuggable.config	71b51bff3a20a68ccdc39214d799525f4a058556	59	7d0ce32d48af8d08e6233e6fce27fc45a9cfead2197726261738e92419a837a7
100644	s/android-4.19/Android.bp	9fdc3180a10358050fb5ec10fb0c330852c8f5c5	963	395e4b2d14d9ff1f534051e68507ba99e69e76d89fd188a396e97a6ca692d16e
100644	s/android-4.19/android-base-conditional.xml	8aab2a01b82eb274e9f608112ecb8873fa47071b	2766	d1e4f7057bcbc38fd2c1857071ac261154f23b377d6d74c775b074bb1d46759c
100644	s/android-4.19/android-base.config	d2bb2adad0814af31099f16cbf14fb60b607f625	6334	554c38bd28a2973e5d3e4d94fff7c394f9c4430d1cb2c20cc16cc7996d522ea2
100644	s/android-4.19/android-recommended-arm.config	1ff0342423a147f9e75a784d34fa7c8e7414dfb1	145	3990c4d4f54b94d62a1c40f4e028fc1eb061a59e180c58617aaaafa1211e5f67
100644	s/android-4.19/android-recommended-arm64.config	16ec836f60dce83d684c89a77a0e14dbd3d995db	188	62c170d86977d6d920e43d26221aa8a9eafc1f36027879609afadd85c6d7e4d2
100644	s/android-4.19/android-recommended-x86.config	0388b3fc37cd4a6c81f46be190c515436ba34460	133	b3db3466d25d5b29b27a48ececd67a83853090a3d8cb2a6455b3c2841000c978
100644	s/android-4.19/android-recommended.config	e47684c17bb2143397bad91bed94c253bd841a21	2868	ca562536ceafedf3735a0269ee0497bc37263d8a6daa888d7d9bd409b4ba392c
100644	s/android-4.19/non_debuggable.config	71b51bff3a20a68ccdc39214d799525f4a058556	59	7d0ce32d48af8d08e6233e6fce27fc45a9cfead2197726261738e92419a837a7
100644	s/android-5.10/Android.bp	0d2e70d673807952eadf09d86bec01c727690405	869	94a06c2ba68c8c4697096cf444a7a63c8a69759f13fe441309c174dfedd4233f
100644	s/android-5.10/android-base-conditional.xml	4b376c5031abe7c7e75444dc4ff0eceececb0027	3867	085c6d9696a455fe8c3f13bb84f0c25b649f12a313b5b74fb53c3622590d4bf4
100644	s/android-5.10/android-base.config	d6e1f5a3a8f46da8fe5eb34a7966f6e2929062a7	6192	26ea5c3c19e3547e8d1a74415c60e6ab2678230488d26baeb8aa9f07f905676f
100644	s/android-5.10/android-recommended-arm.config	1ff0342423a147f9e75a784d34fa7c8e7414dfb1	145	3990c4d4f54b94d62a1c40f4e028fc1eb061a59e180c58617aaaafa1211e5f67
100644	s/android-5.10/android-recommended-arm64.config	16ec836f60dce83d684c89a77a0e14dbd3d995db	188	62c170d86977d6d920e43d26221aa8a9eafc1f36027879609afadd85c6d7e4d2
100644	s/android-5.10/android-recommended-x86.config	0388b3fc37cd4a6c81f46be190c515436ba34460	133	b3db3466d25d5b29b27a48ececd67a83853090a3d8cb2a6455b3c2841000c978
100644	s/android-5.10/android-recommended.config	de28508ae657f05d4df949eea33f9a4112765f2c	2896	095d3fa08e9e6a971263d1630d2aced67ad8b57a3b89bb72c9c997c7e4ac2b2e
100644	s/android-5.4/Android.bp	ed1f2bf54a2b2e7ff15755f985f913a0bc8b974b	962	45ea89ca166dd80ad157e45cbea0864510a387abe9cbe2ac517898cd97a7120b
100644	s/android-5.4/android-base-conditional.xml	560c42f99580bb7e30b828449583173620b56b62	3694	eb25ad7da4a10f9a316c9c17d0f6de0145375a3c78d9351c6cfeca35343cb6ae
100644	s/android-5.4/android-base.config	d6e1f5a3a8f46da8fe5eb34a7966f6e2929062a7	6192	26ea5c3c19e3547e8d1a74415c60e6ab2678230488d26baeb8aa9f07f905676f
100644	s/android-5.4/android-recommended-arm.config	1ff0342423a147f9e75a784d34fa7c8e7414dfb1	145	3990c4d4f54b94d62a1c40f4e028fc1eb061a59e180c58617aaaafa1211e5f67
100644	s/android-5.4/android-recommended-arm64.config	755dfc399225783042951352c571b1f11af99e7b	204	a76830611a7aca0770a43e88e6725290c5ff634ec1bfa6648fcd8ca7572e95bd
100644	s/android-5.4/android-recommended-x86.config	fe497f22b006de64327ffad8f16146af8f4e1a06	149	dc61993f8658704bf70c0f108e0d7c5042c095eab43e7f2dea8010743fa7ca28
100644	s/android-5.4/android-recommended.config	de28508ae657f05d4df949eea33f9a4112765f2c	2896	095d3fa08e9e6a971263d1630d2aced67ad8b57a3b89bb72c9c997c7e4ac2b2e
100644	s/android-5.4/non_debuggable.config	862fbffcdfc8adcf20c9091d69693aad00ab6642	30	a3d819ea9828bda31595ea1d14374081eb4e229a1c6a821eef97dab871f6ad67
100644	t/android-5.10/Android.bp	4408b5382fbf43b44d09a2ced7a20c10e0e78cfa	869	0fe571e23e0a99673ddd5e1104c91733ac0413a3f6126968c4d4fda1f3ba220a
100644	t/android-5.10/android-base-conditional.xml	92a3478ab1719443e4f50ec0227dec94d6af4174	4513	717adfbbc09f1546a4f69ce158efbea2c654f42ec1914e1052616c28235a3025
100644	t/android-5.10/android-base.config	52bf43dfbbf34e0dad0ea861fce799b7b9e7c1e7	6500	1299f2a7f997995eedd1597f064d70788b721ce58325ecf44f8ecec1aa5264b1
100644	t/android-5.15/Android.bp	f3f55a68ee793ee8b3d31436baac2eec493f455f	869	ce94feb13ad9a2a7b719524bdcd29d8c83b73f45906b6f9d322084c4a22c91d7
100644	t/android-5.15/android-base-conditional.xml	6f4088388d07554c040d3cda73c13acec7f77064	4686	e1e45c3799618ce34e10b5ad6c26bc62cdff55c45f3043f3836b0430a607f212
100644	t/android-5.15/android-base.config	5ce4ef666bfd0184919821eb364e29fbf5d4602c	6500	dc7893aead235affc744e1a5f38b2ac70b7646e84ac99ef922c4d699e1e92021
100644	tools/Android.bp	016775a3412f17b8184d23428b75e3224ed1f08b	252	24b713544e72edc9419499fb000af0c764b46091c86f1aec793e7e5d43c1ecf0
100755	tools/bump.py	13fd4f8614a73ff5bca010ae254d73113f222f99	3147	407464e3b4927a8c97adeec6954fccb3124237673cc9b86a1b13f58fbeb4dfbc
100755	tools/check_fragments.sh	64f17e20c4fc170c01df84f6fde223c9f5065541	2357	7c645e18cf6e28d0bd98df1862584a17f0b9824c8175ade6636d32a47776212d
100755	tools/kconfig_xml_fixup.py	bbdbf41e7286ba798c5d6f7c1418098a7bb982ce	2907	0c5bb300ddb322f800530bcc0b13020bcd65ee6ec0019e41ff845cf45178e9ec
100644	u/android-5.15/Android.bp	df4352162013b83eb5edc4920ffe3fde55ab0bc0	869	8b5a469a6da87d6a268f9c3f6938b35d30c7a5428a2ad05937c9779bde562290
100644	u/android-5.15/android-base-conditional.xml	fdc6730b78f5bcc09075b1dc6001295f2126e41a	4684	3f991cd1b2977ea1c83634c9e61f87a58d2c0a62ed42b6fc50b0632d4a464d45
100644	u/android-5.15/android-base.config	bf4c7e59abdfb26a98256008e8d1f8f1800de450	6459	4739f7ea0b980012641df792ad481cde5660c942a0527565331a0715a531c7fc
100644	u/android-6.1/Android.bp	61e8c16daecb4d898a018a16fae597b8e3265c10	868	4568aca5728203f37df62934f6cc6c06441e0b0bbd6126b4ec82821dbe11bb1b
100644	u/android-6.1/android-base-conditional.xml	1ddf0674992511061b8474479f7e919463353103	4684	db3d0ebee0b60a9f29eae9971c0e7cc8614355c9483bfb38214f4d322384295f
100644	u/android-6.1/android-base.config	8d668f0c14013fd5a74de405446153f2373f0645	6442	2d8004e182a0ac0d1aff7bbafb46dfbd05e8d22e03fdecca7d3e2b5c1f50f5c8
100644	v/android-6.1/Android.bp	8e00d849f3f796d2422141b3f8c86cf0893c02cf	868	7f067567b229013c069e76594ce49ecad580248f958ff68836afdcb474dafd68
100644	v/android-6.1/android-base-conditional.xml	93fdd99166a5b1ba5045031052b344a4bf7c74f1	4670	5a7905d0733bead5a671fa504c7c668d3a52cf69b212802f1fff4670fc6d81d2
100644	v/android-6.1/android-base.config	4da7990c4a0d0311c7c591251a7694ae5ef14e8b	6274	32845b6f2297a8c8308f370fa13cd617286cbf5df9a7a2249515c424d6f97a85
100644	v/android-6.6/Android.bp	798e78a4779fe7d979063a37fc7662af242db5a5	867	bdc48b64a79c86bb31b34b4bfa40d61e393e7317292eec68deb2893d29d77e64
100644	v/android-6.6/android-base-conditional.xml	6bac4a8a39968153e768c70406144bc5c758d97c	4669	1ced5159f253be12dc723b4522b857e42e53f13d5df3867fecad6ad0bfc0f090
100644	v/android-6.6/android-base.config	be666eae372bba36b8a7178f2b1629779d6ce059	6284	97c6974716e9af832be3c69a2b568ddb5420891e59ef3e8bfea767537d521a60
100644	xsd/approvedBuild/Android.bp	5a5e5177d521fcac4bb9d595b79decead4722083	912	3e2808db9c1b188635e7701ab44a06942186e5012a6b6d6b062f5e2148ce12d1
100644	xsd/approvedBuild/approved_build.xsd	a2d06aa62702c842541e582c3d61bc65549ec3ed	1654	c0955b0fc237d7cc626a1ca076497208970176d4494ac910150400dcb7d6f196
100644	xsd/approvedBuild/schema/current.txt	329b837fb7c7916ab5122cae10d8297f2240540c	1219	468f5071c28ff7e9f4455261feded6b50193bc6ec1b1bf4486a47cfe39ac5bd3
100644	xsd/approvedBuild/schema/last_current.txt	e69de29bb2d1d6434b8b29ae775ad8c2e48c5391	0	e3b0c44298fc1c149afbf4c8996fb92427ae41e4649b934ca495991b7852b855
100644	xsd/approvedBuild/schema/last_removed.txt	e69de29bb2d1d6434b8b29ae775ad8c2e48c5391	0	e3b0c44298fc1c149afbf4c8996fb92427ae41e4649b934ca495991b7852b855
100644	xsd/approvedBuild/schema/removed.txt	d802177e249b3f97128699222e65c35e57ba7540	25	39824f8c9fee1582598de5aa8cfa9653e84fbd69bd8aeb92c4a78c861faad552
100644	xsd/approvedBuild/vts/Android.bp	1a02a0a59fd8c89b56f6167cb71e3c104080f56f	1349	1930482fd9b0b03c4d79dd64a746dad0fb21f0dd3be5c43bf160f4b2735a349e
100644	xsd/approvedBuild/vts/ValidateApprovedBuild.cpp	33d11c2d467d10346337fc1e727a5339d56a8d9d	1504	e03c05ddd25a96ca7e35cdb51b4928cae72943b2e2d42febeabb6a5ec8f365a4
