relative	symlink_target	expected_head	resolved_target
bionic	/opt/19.SourceCode/AOSP-16.0.0_r4/android-source/bionic	f22516cbc67e81c13cf943ce02f01b8929a98726	/data/source/aosp-16.0.0-r4/bionic
build/blueprint	/opt/19.SourceCode/AOSP-16.0.0_r4/android-source/build/blueprint	c39c8a4c103f1393f015a5befa7726f0c14c9bc2	/data/source/aosp-16.0.0-r4/build/blueprint
build/make	/opt/19.SourceCode/AOSP-16.0.0_r4/android-source/build/make	b815dded1eafbf06191a6ae306956bb6ed6fb415	/data/source/aosp-16.0.0-r4/build/make
build/release	/opt/19.SourceCode/AOSP-16.0.0_r4/android-source/build/release	0998133091794b56253fd6bd5c33ed0e0e5bd9de	/data/source/aosp-16.0.0-r4/build/release
build/soong	/opt/19.SourceCode/AOSP-16.0.0_r4/worktrees/opaleye-soong-no-container	f389fa2a2a768a93bc99957e2288f3fbee032bff	/opt/19.SourceCode/AOSP-16.0.0_r4/worktrees/opaleye-soong-no-container
cts	/opt/19.SourceCode/AOSP-16.0.0_r4/android-source/cts	0d01543cbc74b7e7f311cc29fe854dda968881cb	/data/source/aosp-16.0.0-r4/cts
device/google/cuttlefish	/opt/19.SourceCode/AOSP-16.0.0_r4/android-source/device/google/cuttlefish	4d368849922b04124e66b1aad48f93b3209f3c8d	/data/source/aosp-16.0.0-r4/device/google/cuttlefish
external/abseil-cpp	/opt/19.SourceCode/AOSP-16.0.0_r4/android-source/external/abseil-cpp	2bf8472a92b84fe4617eeb50053e7a942edcb1b3	/data/source/aosp-16.0.0-r4/external/abseil-cpp
external/doclava	/opt/19.SourceCode/AOSP-16.0.0_r4/android-source/external/doclava	cfb1eaa49cc60ebc6e9866af54717006e92297fa	/data/source/aosp-16.0.0-r4/external/doclava
external/golang-protobuf	/opt/19.SourceCode/AOSP-16.0.0_r4/android-source/external/golang-protobuf	fcb969a6e0df55f1460721e1b9c4f2c4d2b5a47f	/data/source/aosp-16.0.0-r4/external/golang-protobuf
external/hamcrest	/opt/19.SourceCode/AOSP-16.0.0_r4/android-source/external/hamcrest	9580841c6c1546d56fcb22ef41a9f560a5e9ba42	/data/source/aosp-16.0.0-r4/external/hamcrest
external/jcommander	/opt/19.SourceCode/AOSP-16.0.0_r4/android-source/external/jcommander	92ee1ba50a02446768fde6a55404d4f75f93a6d7	/data/source/aosp-16.0.0-r4/external/jcommander
external/jsilver	/opt/19.SourceCode/AOSP-16.0.0_r4/android-source/external/jsilver	754d8c4235def553d7d5d0a8a85ffb8dcb234001	/data/source/aosp-16.0.0-r4/external/jsilver
external/junit	/opt/19.SourceCode/AOSP-16.0.0_r4/android-source/external/junit	836d60ab48ddc83d3d348bd6e6d82dfb38de283b	/data/source/aosp-16.0.0-r4/external/junit
external/ow2-asm	/opt/19.SourceCode/AOSP-16.0.0_r4/android-source/external/ow2-asm	41662b7d1507816d9965d9e408a53e2c19ff32fc	/data/source/aosp-16.0.0-r4/external/ow2-asm
external/pogreb	/opt/19.SourceCode/AOSP-16.0.0_r4/android-source/external/pogreb	c7851d75ff3a7b8228f548f7235d48cee9130971	/data/source/aosp-16.0.0-r4/external/pogreb
external/protobuf	/opt/19.SourceCode/AOSP-16.0.0_r4/android-source/external/protobuf	31fc4250f78631cf8f4f1cc48b200acf11e9c884	/data/source/aosp-16.0.0-r4/external/protobuf
external/python/six	/opt/19.SourceCode/AOSP-16.0.0_r4/android-source/external/python/six	6bcdf679631e0af933943016f4bcc1f434bb1755	/data/source/aosp-16.0.0-r4/external/python/six
external/sqlite	/opt/19.SourceCode/AOSP-16.0.0_r4/android-source/external/sqlite	c7a62b3b161f45bb530376227576685549e72852	/data/source/aosp-16.0.0-r4/external/sqlite
external/starlark-go	/opt/19.SourceCode/AOSP-16.0.0_r4/android-source/external/starlark-go	4947cdc739c985f6d86941e22894f5cefe7c9e9a	/data/source/aosp-16.0.0-r4/external/starlark-go
frameworks/base	/opt/19.SourceCode/AOSP-16.0.0_r4/android-source/frameworks/base	45034f0663f960d9ee5fb0a101a4732b71f6e2f4	/data/source/aosp-16.0.0-r4/frameworks/base
frameworks/native	/opt/19.SourceCode/AOSP-16.0.0_r4/android-source/frameworks/native	fcbde2bcff56ca1d7bec9cabf8bdca5e288bf103	/data/source/aosp-16.0.0-r4/frameworks/native
hardware/interfaces	/opt/19.SourceCode/AOSP-16.0.0_r4/android-source/hardware/interfaces	aa229558cbf04bc997ed27465c5e7ad497123d1b	/data/source/aosp-16.0.0-r4/hardware/interfaces
kernel/configs	/opt/19.SourceCode/AOSP-16.0.0_r4/android-source/kernel/configs	82c305fe2a7af49cbe9928e9b2fe1416f7810a41	/data/source/aosp-16.0.0-r4/kernel/configs
packages/apps/DocumentsUI	/opt/19.SourceCode/AOSP-16.0.0_r4/android-source/packages/apps/DocumentsUI	ca99454776b47322576e6dfb5f00cb778e3b3fd0	/data/source/aosp-16.0.0-r4/packages/apps/DocumentsUI
packages/modules/Connectivity	/opt/19.SourceCode/AOSP-16.0.0_r4/android-source/packages/modules/Connectivity	f930245ec39a510f37a9a7dfaded96d287491a61	/data/source/aosp-16.0.0-r4/packages/modules/Connectivity
packages/modules/common	/opt/19.SourceCode/AOSP-16.0.0_r4/android-source/packages/modules/common	deef1ed99f28b761fe55ab4cac61027f6f78f3e8	/data/source/aosp-16.0.0-r4/packages/modules/common
packages/services/Car	/opt/19.SourceCode/AOSP-16.0.0_r4/android-source/packages/services/Car	b8fe0e1e8ffd792d9601d53d70ccf47d6edf4906	/data/source/aosp-16.0.0-r4/packages/services/Car
platform_testing	/opt/19.SourceCode/AOSP-16.0.0_r4/android-source/platform_testing	8037f13cdf3d529fe396f5013f8f944050229861	/data/source/aosp-16.0.0-r4/platform_testing
prebuilts/bazel/common	/opt/19.SourceCode/AOSP-16.0.0_r4/android-source/prebuilts/bazel/common	e24e8ba7c6deed0e2e9c36ad6f255437acd98e0d	/data/source/aosp-16.0.0-r4/prebuilts/bazel/common
prebuilts/build-tools	/opt/19.SourceCode/AOSP-16.0.0_r4/android-source/prebuilts/build-tools	412724a805835d89234d67c363f7ada7f5f8a67f	/data/source/aosp-16.0.0-r4/prebuilts/build-tools
prebuilts/clang/host/linux-x86	/opt/19.SourceCode/AOSP-16.0.0_r4/android-source/prebuilts/clang/host/linux-x86	9916fb51ccb914d62d35ad9a7b9b21d2ef046928	/data/source/aosp-16.0.0-r4/prebuilts/clang/host/linux-x86
prebuilts/go/linux-x86	/opt/19.SourceCode/AOSP-16.0.0_r4/android-source/prebuilts/go/linux-x86	71c50d4d0da8b3dee5c70ee45789d001674ca5f6	/data/source/aosp-16.0.0-r4/prebuilts/go/linux-x86
prebuilts/sdk	/opt/19.SourceCode/AOSP-16.0.0_r4/android-source/prebuilts/sdk	8c36435476cbaea0a4170a327e55dd4775cd60b9	/data/source/aosp-16.0.0-r4/prebuilts/sdk
system/apex	/opt/19.SourceCode/AOSP-16.0.0_r4/android-source/system/apex	97548ed51112062a4d1762a7dffa0cadcc09bda9	/data/source/aosp-16.0.0-r4/system/apex
system/bpf	/opt/19.SourceCode/AOSP-16.0.0_r4/android-source/system/bpf	0021d8d13eb1f603db6b1fa61b6d8ae4b65023db	/data/source/aosp-16.0.0-r4/system/bpf
system/extras	/opt/19.SourceCode/AOSP-16.0.0_r4/android-source/system/extras	3f52a5ab49ba53bc463de658db1d112e001c0280	/data/source/aosp-16.0.0-r4/system/extras
system/libvintf	/opt/19.SourceCode/AOSP-16.0.0_r4/android-source/system/libvintf	69c456ea4aa2f503a2904cfbc11f279a3b2efb09	/data/source/aosp-16.0.0-r4/system/libvintf
system/netd	/opt/19.SourceCode/AOSP-16.0.0_r4/android-source/system/netd	8d4a0b7420e67cec340dc37a88815d99a16abfa7	/data/source/aosp-16.0.0-r4/system/netd
system/sepolicy	/opt/19.SourceCode/AOSP-16.0.0_r4/android-source/system/sepolicy	43e4494a5a78317819dcc2766a11927c12ef3dfd	/data/source/aosp-16.0.0-r4/system/sepolicy
system/tools/aidl	/opt/19.SourceCode/AOSP-16.0.0_r4/android-source/system/tools/aidl	3747384b876442e7ea0c355fe5adc75b29362833	/data/source/aosp-16.0.0-r4/system/tools/aidl
system/tools/hidl	/opt/19.SourceCode/AOSP-16.0.0_r4/android-source/system/tools/hidl	9ea202c0fba585c2884a6bb2b1ba2dab46e98a8f	/data/source/aosp-16.0.0-r4/system/tools/hidl
system/tools/xsdc	/opt/19.SourceCode/AOSP-16.0.0_r4/android-source/system/tools/xsdc	ef55c63066afcba5fd8781c2b056ccbe4c6ce687	/data/source/aosp-16.0.0-r4/system/tools/xsdc
test/suite_harness	/opt/19.SourceCode/AOSP-16.0.0_r4/android-source/test/suite_harness	76cb8a7eec4254999f2abe32a9f1931b07a40851	/data/source/aosp-16.0.0-r4/test/suite_harness
test/vts	/opt/19.SourceCode/AOSP-16.0.0_r4/android-source/test/vts	d63829b1cce079648980ac01ceb363a99750ba78	/data/source/aosp-16.0.0-r4/test/vts
tools/lint_checks	/opt/19.SourceCode/AOSP-16.0.0_r4/android-source/tools/lint_checks	925ee2da6226009677934dc8aaa613e5e09272a3	/data/source/aosp-16.0.0-r4/tools/lint_checks
