mode	git_blob	sha256	bytes	path
100644	578f12779f5d0118676ce57372659b9da1a2a747	d897dea74ede9bb1741a6f0979accf509982183b384be41acbe29cf4343c245b	394	.prebuilt_info/prebuilt_info_shim_prebuilts__arm_com_android_apex_cts_shim_not_pre_installed_apex.asciipb
100644	e062c20ac49ffe635a43e727be8e25ee24fb4635	fbedde25d802d0fb633240b68e4869138bd49da83b279c24a6ebef5c33d5e804	364	.prebuilt_info/prebuilt_info_shim_prebuilts__arm_com_android_apex_cts_shim_v1_apex.asciipb
100644	e112738eab3ab58ee37a37550cbaa5e8c1282144	e4ed57bc7768873502fd50e0cc5f45bde124f74d7291fe12848d6b534e7cf43e	396	.prebuilt_info/prebuilt_info_shim_prebuilts__arm_com_android_apex_cts_shim_v2_add_apk_to_apex_apex.asciipb
100644	8fa53d2922fcf938368abdc21c66569be9740dc3	247e3e48682b10fbefff2243f6fce2cc0951facd865eb57160d2fb050d18426f	396	.prebuilt_info/prebuilt_info_shim_prebuilts__arm_com_android_apex_cts_shim_v2_additional_file_apex.asciipb
100644	f86d749feab8addadd06b012c6a78545301ece44	7e5d6040d40f680694ecb655bffa07f7024e91cabd92ff5ad8eeb7dbba47727f	400	.prebuilt_info/prebuilt_info_shim_prebuilts__arm_com_android_apex_cts_shim_v2_additional_folder_apex.asciipb
100644	738f3968cc5dd4e254c485d475ca83305b8f7ad4	b8b559de2c9d9516be66a727d02a1383d4241888e0b0b906f068fd07c457e0b7	364	.prebuilt_info/prebuilt_info_shim_prebuilts__arm_com_android_apex_cts_shim_v2_apex.asciipb
100644	32d63ff110768a5a204930a67005315f28687ee5	6cc17569402ccce12ae2bdc825133152d3c2b2fa4d22e9a7c7cdd464112a8d72	414	.prebuilt_info/prebuilt_info_shim_prebuilts__arm_com_android_apex_cts_shim_v2_apk_in_apex_sdk_target_p_apex.asciipb
100644	e01eecc4183f9a6a3497fb7c40341016a6176b77	88273b6def2ac4089c3f3eaccc09aa315cc808badb09b56fce0ad1ca9a8570b1	406	.prebuilt_info/prebuilt_info_shim_prebuilts__arm_com_android_apex_cts_shim_v2_apk_in_apex_upgrades_apex.asciipb
100644	adaf17fbe5f983425d7c478112e9f4200e99bf2f	92620b665ca72621c895423175fa4613348bbd10bfc85234e3ad92246243a43f	408	.prebuilt_info/prebuilt_info_shim_prebuilts__arm_com_android_apex_cts_shim_v2_different_certificate_apex.asciipb
100644	0d201bddb72e81af85f8c5a8b90ac33501219f37	6bb6d3e5bbbb1a154a3054bf034eee1f749bcdb34e35f9989bbca02d0a337162	410	.prebuilt_info/prebuilt_info_shim_prebuilts__arm_com_android_apex_cts_shim_v2_different_package_name_apex.asciipb
100644	8d7f1bd54392e0fcd3e2b3c14338b26a271b79ee	047bbaed802ac84105485a8e85add1f817ea825687e83279ad6d879cb85b7406	416	.prebuilt_info/prebuilt_info_shim_prebuilts__arm_com_android_apex_cts_shim_v2_install_constraints_empty_apex.asciipb
100644	451105c96dacb2f83aa793b6c64dff0249e195c3	6f973e0b9bbdf4c2b52723b6c9a81bc1d319ede21d234bc921186109ec0c155d	444	.prebuilt_info/prebuilt_info_shim_prebuilts__arm_com_android_apex_cts_shim_v2_install_constraints_invalid_fingerprint_apex.asciipb
100644	11357c758b3ca55a84b2b0feea541a6bee386db6	aace4311a9401046bccf7d118fb37568f5143c5c5090cb00dc6d2e61656433f6	422	.prebuilt_info/prebuilt_info_shim_prebuilts__arm_com_android_apex_cts_shim_v2_install_constraints_no_value_apex.asciipb
100644	b962a262c8698a05315285ce12629164cdb30e11	98a7c9aca77ac61bd7cf0536801c01f835e5f95465ec9362f600926b8d8447f8	388	.prebuilt_info/prebuilt_info_shim_prebuilts__arm_com_android_apex_cts_shim_v2_no_hashtree_apex.asciipb
100644	f45b2dce4fa71518325056eee8f82dfd81be78d0	211b2165973e5f8072cda089261b9d0d1def917f10ed39f97574fbf22d3670d8	386	.prebuilt_info/prebuilt_info_shim_prebuilts__arm_com_android_apex_cts_shim_v2_rebootless_apex.asciipb
100644	0a176a3300434fad74c58df93188c2614f4408ce	c90151db813b2e595db48ba380d0e1e729cb85530068fbeef6571b70e868e239	390	.prebuilt_info/prebuilt_info_shim_prebuilts__arm_com_android_apex_cts_shim_v2_sdk_target_p_apex.asciipb
100644	95cd6c290d38b1f3349df896fd09188e0680261b	6c9c9cf39a76a9b6eb020527a97815572527c794dec59a323eba2bdff63d6100	428	.prebuilt_info/prebuilt_info_shim_prebuilts__arm_com_android_apex_cts_shim_v2_sign_payload_with_different_key_apex.asciipb
100644	bb1220a1252e9efcd56de86018914f52b3902e8b	096fabc27f1fd74cc6fb74e4fcd99d45b81043c1107a9fc96d2c8f448205b3d1	386	.prebuilt_info/prebuilt_info_shim_prebuilts__arm_com_android_apex_cts_shim_v2_signed_bob_apex.asciipb
100644	d032c4b1ad94e79132ace3c75c7fc8cf3790d363	c61da1e31c8fdc99b99189ae20eb65adf4e9f8085a99fd2149bf945bd69737f5	394	.prebuilt_info/prebuilt_info_shim_prebuilts__arm_com_android_apex_cts_shim_v2_signed_bob_rot_apex.asciipb
100644	5b426ae6091ce5bf21d46953401f3447e4498851	229948451db44bf69a63bcf72e75583b43f82b451a3c60d04412e10c12bf42fc	412	.prebuilt_info/prebuilt_info_shim_prebuilts__arm_com_android_apex_cts_shim_v2_signed_bob_rot_rollback_apex.asciipb
100644	77c363ebb55a9c30df2145769dbaa96a08da6c23	10a44f6ddde7052e11d35895cee00f60d1d361af988f4de8b0b4112ddaee327e	410	.prebuilt_info/prebuilt_info_shim_prebuilts__arm_com_android_apex_cts_shim_v2_unsigned_apk_container_apex.asciipb
100644	1f929b52a5d0fe5a62312eb4ac57b686e0e87b23	7dcba990231613c77f0c8c4fe637873d1387ffd9ef1e29a7964011ef227ee503	398	.prebuilt_info/prebuilt_info_shim_prebuilts__arm_com_android_apex_cts_shim_v2_unsigned_payload_apex.asciipb
100644	ab5b716c4d319c3ed1bccf907eca43052a983819	a9cbb53a8a64243963cec31e9942970d8311705828d5186383011227999edf1b	410	.prebuilt_info/prebuilt_info_shim_prebuilts__arm_com_android_apex_cts_shim_v2_with_post_install_hook_apex.asciipb
100644	3d4ca3eb4b0b1e2660f628ba04c17fbdd00ba1fc	21b7fd7c21e94864a5633a13300a778717a25120f6c785da07249d789a89d008	408	.prebuilt_info/prebuilt_info_shim_prebuilts__arm_com_android_apex_cts_shim_v2_with_pre_install_hook_apex.asciipb
100644	a5187de972186546cfecf1a5e7560d2bb133a72f	a532be8f271852dcf99ad124e67c66864162601a58844714a5d0bc400943457f	404	.prebuilt_info/prebuilt_info_shim_prebuilts__arm_com_android_apex_cts_shim_v2_without_apk_in_apex_apex.asciipb
100644	1b1a70f54ba55dcfae111b5daaa91ab9351ef66e	32d0bc9d71f2011081e238e1568f38c77efe4d8df8b437c373eca69399b9b1dd	384	.prebuilt_info/prebuilt_info_shim_prebuilts__arm_com_android_apex_cts_shim_v2_wrong_sha_apex.asciipb
100644	83b0624f45c643b343fadf96befb491b2106df4e	1736f8eb311ad8a4471e5038a32b11e109dce4bff9b75419700805c46aec2e31	364	.prebuilt_info/prebuilt_info_shim_prebuilts__arm_com_android_apex_cts_shim_v3_apex.asciipb
100644	cd019d3158d4ff489c452ca9ffe5945f377023c6	9d59f652664a26479291722dfa6ebc21d184a9cfd651cf5f9a5e0e0b0a007031	386	.prebuilt_info/prebuilt_info_shim_prebuilts__arm_com_android_apex_cts_shim_v3_rebootless_apex.asciipb
100644	076a0a182a2706c53006b7681f2a1094a27d55d2	673680598f32d3e323d197781e5e55d1c7894956375e160d53f88d2d2595150c	386	.prebuilt_info/prebuilt_info_shim_prebuilts__arm_com_android_apex_cts_shim_v3_signed_bob_apex.asciipb
100644	b082860285f004ddf6824dfe68bb1bbd3562cfca	1ff909009a250e59b457b69cd62b5a2b579a8d85a02323f838133fc598f66dd8	394	.prebuilt_info/prebuilt_info_shim_prebuilts__arm_com_android_apex_cts_shim_v3_signed_bob_rot_apex.asciipb
100644	ae5ac476f0713b7e94e8c689c9d8f235ff973bd1	70c5fa18a7ba343bf408852da43b0f4174a309005419ed2f5b443c4e17226219	400	.prebuilt_info/prebuilt_info_shim_prebuilts__riscv64_com_android_apex_cts_shim_not_pre_installed_apex.asciipb
100644	5c8f5653879de347f1b40d33781fe0283257bf99	302879021b7d8ae274f7193d93804fb0da67d7f5071f337342d51fd3027aa99b	370	.prebuilt_info/prebuilt_info_shim_prebuilts__riscv64_com_android_apex_cts_shim_v1_apex.asciipb
100644	da015786f16e2b22c5f0f4e9b4f504279526236f	36e21d14642dc25c328c99841f880552d8a8af0bd09d763603e452693908502e	402	.prebuilt_info/prebuilt_info_shim_prebuilts__riscv64_com_android_apex_cts_shim_v2_add_apk_to_apex_apex.asciipb
100644	fb29739b32593e5f4854dcc83c39e3767e7dc73a	feeb795e91c2af1efb11db0e805b08440db30d02ce513a31e7522d9d8841cc4d	402	.prebuilt_info/prebuilt_info_shim_prebuilts__riscv64_com_android_apex_cts_shim_v2_additional_file_apex.asciipb
100644	ec642bf7528a50cbd8f431aabd9424fb2ab416cb	c4fb06b5198f7075b93e49f75ce103ba0cb4e733e3b8fa93501b2e8d72dfe846	406	.prebuilt_info/prebuilt_info_shim_prebuilts__riscv64_com_android_apex_cts_shim_v2_additional_folder_apex.asciipb
100644	e8a112a710bedc067a140b807504fb633dcb3e6e	8414c7a67f7bdfd4e5dea59b6ab952e3657572a66f85f9fb6e43bdcd724f583d	370	.prebuilt_info/prebuilt_info_shim_prebuilts__riscv64_com_android_apex_cts_shim_v2_apex.asciipb
100644	bab7c4cf731ef4b8909e51b91f95c6fd7ccd542d	1bb02d0cb5e395d944accaa32f4739664130e9fa0209c2d6f6b293b4c95f8329	420	.prebuilt_info/prebuilt_info_shim_prebuilts__riscv64_com_android_apex_cts_shim_v2_apk_in_apex_sdk_target_p_apex.asciipb
100644	cba76d789c6499feed41f58c8f4dbcacf3709334	c6026a3075e8f4caaab9f567699a0c70ffde49d561a3c253a6ab603cea11582c	412	.prebuilt_info/prebuilt_info_shim_prebuilts__riscv64_com_android_apex_cts_shim_v2_apk_in_apex_upgrades_apex.asciipb
100644	3bbd0712bdaea6ef1fadf4b6b53def1861b8eed3	5f517c3d89bf6a2c56cc30b6040d69b182e4e0f90cfdd9c80d4a6fa82fd2158a	414	.prebuilt_info/prebuilt_info_shim_prebuilts__riscv64_com_android_apex_cts_shim_v2_different_certificate_apex.asciipb
100644	738f41c9169792837acd20197865046daeb3f7c1	1339bfbc370dbe4b8d4d42b617ae585ae2ac2c96ea338b569b2069af332cdcd5	416	.prebuilt_info/prebuilt_info_shim_prebuilts__riscv64_com_android_apex_cts_shim_v2_different_package_name_apex.asciipb
100644	bd80ead6a727f463626f838094cd96f2f52125b1	987d2284022b5766e07f67c45d3d374105b565bb299e85da15a9ddc5b2841b1d	422	.prebuilt_info/prebuilt_info_shim_prebuilts__riscv64_com_android_apex_cts_shim_v2_install_constraints_empty_apex.asciipb
100644	2394ce94b7b43db87bb821d0f911b2539f85fcb8	ec8c23b85ded34d625d641034bdb8fc742645ad5bfd641750c8e78965b814333	450	.prebuilt_info/prebuilt_info_shim_prebuilts__riscv64_com_android_apex_cts_shim_v2_install_constraints_invalid_fingerprint_apex.asciipb
100644	ed51af688a820037b56e75b3c6216d6a7d39f712	8534030f620925802eb4301b01c7b8c40e825f6c03519e84ffe39ff1cfe69b02	428	.prebuilt_info/prebuilt_info_shim_prebuilts__riscv64_com_android_apex_cts_shim_v2_install_constraints_no_value_apex.asciipb
100644	bda95887617c15044c017a478cbfcaa4482902d1	f9b9b75db8f6d638e307adcba2f681c04ad7fcb56eeedf1a61afa8d4b76b4e63	394	.prebuilt_info/prebuilt_info_shim_prebuilts__riscv64_com_android_apex_cts_shim_v2_no_hashtree_apex.asciipb
100644	eebbc65604875f38fbbcc6fb9b3941a497b37559	37046723824524ecbd9f368d917e64bf5fb7ba9bfa889c543deb94076828072f	392	.prebuilt_info/prebuilt_info_shim_prebuilts__riscv64_com_android_apex_cts_shim_v2_rebootless_apex.asciipb
100644	7004eb6851a01dc6d63398d1e511ddce318c5246	0a4b79dee7cfe5dcf7482616a19a622d96b726e97978f1957eb8b7fe3c45f6e5	396	.prebuilt_info/prebuilt_info_shim_prebuilts__riscv64_com_android_apex_cts_shim_v2_sdk_target_p_apex.asciipb
100644	5731859213edc949366aaa84af4448e23414dee0	93b49927295a1f21e5d1ac5a60b189c99ad2560ae004acfba5f6c8cf81ca035c	434	.prebuilt_info/prebuilt_info_shim_prebuilts__riscv64_com_android_apex_cts_shim_v2_sign_payload_with_different_key_apex.asciipb
100644	298d3963ca740e9a6d33ed7a2ffab465c6b9577b	691bdfdf7edd801780885a8587d831f6c0d3e3e815c8167dbe461598cce25214	392	.prebuilt_info/prebuilt_info_shim_prebuilts__riscv64_com_android_apex_cts_shim_v2_signed_bob_apex.asciipb
100644	ece2cf74e071d1388fcf47af07c4595de857134c	b932565431131ff5b1872462fef15a2d430648f30efa361cc129bdbbcc1af084	400	.prebuilt_info/prebuilt_info_shim_prebuilts__riscv64_com_android_apex_cts_shim_v2_signed_bob_rot_apex.asciipb
100644	813164ddbfd81ed70556cb4a3d90105d9a4d497c	5480d21edf489951704ebd6d32ec49c95d4f3d04dbb2df7074dc7218edec4ab9	418	.prebuilt_info/prebuilt_info_shim_prebuilts__riscv64_com_android_apex_cts_shim_v2_signed_bob_rot_rollback_apex.asciipb
100644	73861aa6ef54cc86bd5a762a39e7216cc34044cc	00d470fc02112b462180d7958d81749241705c4e3f40838d81807af7429b452c	416	.prebuilt_info/prebuilt_info_shim_prebuilts__riscv64_com_android_apex_cts_shim_v2_unsigned_apk_container_apex.asciipb
100644	2ff0c6078e12340479f408cac8ed1e635a719624	8f6aa10263f87d6a6cb4f716f71fb6d485e091dc10c8d3912175618740d0d310	404	.prebuilt_info/prebuilt_info_shim_prebuilts__riscv64_com_android_apex_cts_shim_v2_unsigned_payload_apex.asciipb
100644	308e0c064dbb19f90dace07dc6433c13b22b37b1	07625d06b13fee5547c2bee29e591346bc4379e7b77c6e4e6c12ce1ab2066ef4	416	.prebuilt_info/prebuilt_info_shim_prebuilts__riscv64_com_android_apex_cts_shim_v2_with_post_install_hook_apex.asciipb
100644	1ac15735951f3a379ec17a6906b106114408f1d0	e156ee5956370cb58d312284a75b38b0cd4a85164d35f31b66bfcf12ea1738a3	414	.prebuilt_info/prebuilt_info_shim_prebuilts__riscv64_com_android_apex_cts_shim_v2_with_pre_install_hook_apex.asciipb
100644	77f8967a7ef031289795b9419777f9a6e5dbb22d	0691813cfbbd872f9e5cc9ca906e41891bab5507e14a58505c8daf2fd3d3bb99	410	.prebuilt_info/prebuilt_info_shim_prebuilts__riscv64_com_android_apex_cts_shim_v2_without_apk_in_apex_apex.asciipb
100644	3ecdddc285c26ebf16d5ad3b5b08a0efc3ffc94a	334dc74032a62c849e199c68788396752bffd797717ed303b485457fe397da1c	390	.prebuilt_info/prebuilt_info_shim_prebuilts__riscv64_com_android_apex_cts_shim_v2_wrong_sha_apex.asciipb
100644	3150cb288effc3bbb8dbe76929c06decd6898251	d2518f125096c037e2c442cf576e92fc2f4f659f11fef13b272eec8a9e9cc376	370	.prebuilt_info/prebuilt_info_shim_prebuilts__riscv64_com_android_apex_cts_shim_v3_apex.asciipb
100644	de74bd1f83829a360ed31b122366fbaf5da2de5b	e92131f3c0510333a1c0dd870b751f21ca1e3e3ffc51f95fee489777324a7f90	392	.prebuilt_info/prebuilt_info_shim_prebuilts__riscv64_com_android_apex_cts_shim_v3_rebootless_apex.asciipb
100644	6c16ee46d6a597de9acf2ba2c6e7074e90970734	d8aa7ea194198584dbd1b4bb461709a366e39216035b0959596260a8e50d5d92	392	.prebuilt_info/prebuilt_info_shim_prebuilts__riscv64_com_android_apex_cts_shim_v3_signed_bob_apex.asciipb
100644	db37c3607c0c14aabb9cc24f1d560fe43f87a0d6	03c8d644950a1c2e1533d2cf7d1771f0ef3d6530b23b91a68ab5805fc6cfb053	400	.prebuilt_info/prebuilt_info_shim_prebuilts__riscv64_com_android_apex_cts_shim_v3_signed_bob_rot_apex.asciipb
100644	cc71f06faf57411be4d80a830d49f06a6fc00fa5	b14758ca5f10a755bc977dccf56c089424e947514c8e83a822825da75f1922c9	395	.prebuilt_info/prebuilt_info_shim_prebuilts__x86_com_android_apex_cts_shim_not_pre_installed_apex.asciipb
100644	441c9619f557f77f775873e90c85acda09236503	4b00e31f43161b41a83f42ff352a593543b9dc4a5a96b68e53dda4fea21ff615	365	.prebuilt_info/prebuilt_info_shim_prebuilts__x86_com_android_apex_cts_shim_v1_apex.asciipb
100644	6b879218baeb405b647946afc669b29f11ef2de4	a2016304b14d4ab233a0be3136d488e569581aab33ad56cb6c943ac5f5c4960d	397	.prebuilt_info/prebuilt_info_shim_prebuilts__x86_com_android_apex_cts_shim_v2_add_apk_to_apex_apex.asciipb
100644	86c0f9c9e75835e0672ab9839cef2b1e650e9221	8b0ae7d749ceff495bf276ce058b9d539c5be56e070590cd0d73054d97ecdecf	397	.prebuilt_info/prebuilt_info_shim_prebuilts__x86_com_android_apex_cts_shim_v2_additional_file_apex.asciipb
100644	81b80d26bf17e852ddc983d3139ddb75979af5ad	60c9dbe79abd0bcd9959f172a88a19f120318fe9f1d96649f477c9778e268ecf	401	.prebuilt_info/prebuilt_info_shim_prebuilts__x86_com_android_apex_cts_shim_v2_additional_folder_apex.asciipb
100644	d8068b87c92baf0736787512efcda91c978e16ea	f44bcecf9aa4d67d6dedf34e0c75653da86891ba41ecfa3f9bfccbb00e9faae6	365	.prebuilt_info/prebuilt_info_shim_prebuilts__x86_com_android_apex_cts_shim_v2_apex.asciipb
100644	6f89f93e5561ec62867d6b33064a678c8d783caf	2bd8bac470a50bcc924d17a212724811e596c7a2675713ffbf9b7ec1e547fcd8	415	.prebuilt_info/prebuilt_info_shim_prebuilts__x86_com_android_apex_cts_shim_v2_apk_in_apex_sdk_target_p_apex.asciipb
100644	0bdb94e8df54373de64a483ccac45d6ac7ca4599	8c05716c0367c8d7abf410d3ba65de894433754d8efdc09d0b28a4c3a7004e6d	407	.prebuilt_info/prebuilt_info_shim_prebuilts__x86_com_android_apex_cts_shim_v2_apk_in_apex_upgrades_apex.asciipb
100644	1b1a48fc741baffcc939db2f0048aee80bddb793	b675ac0b1934aae946fcab3efde8d64f435c41adedc25254107e8eed6a0bc53f	409	.prebuilt_info/prebuilt_info_shim_prebuilts__x86_com_android_apex_cts_shim_v2_different_certificate_apex.asciipb
100644	757423971e4f2be9ace633936576276b0804b3fd	35926bd163dd603f6e657eb1e23fa91085226fe41c3910826b79b954ae4386f1	411	.prebuilt_info/prebuilt_info_shim_prebuilts__x86_com_android_apex_cts_shim_v2_different_package_name_apex.asciipb
100644	adea69fdd294f87292455a03b6c7ffdbb62d6d4c	d40c7c9c3d7f257bb7caaace1a20e5731a7615b85f4866200efd2877b7ed49b5	417	.prebuilt_info/prebuilt_info_shim_prebuilts__x86_com_android_apex_cts_shim_v2_install_constraints_empty_apex.asciipb
100644	aa2a54c8fb118d2dcfe1b9572a0d4a028cccb1d6	d67038156a4544dde865cdc9de80e4d38b4006a3728f745ce720600141de780e	445	.prebuilt_info/prebuilt_info_shim_prebuilts__x86_com_android_apex_cts_shim_v2_install_constraints_invalid_fingerprint_apex.asciipb
100644	f4acdb854e87f9472bfc00aafc3046de3c0cc5f7	dd7f5a104d1d0eb4892158888f0a19cfb74ab5669dc174e2c3e866452ffa4d54	423	.prebuilt_info/prebuilt_info_shim_prebuilts__x86_com_android_apex_cts_shim_v2_install_constraints_no_value_apex.asciipb
100644	d76052ede7234548ac00e7f97851a4bce4e0230d	4ac1c04d6ac60e2b0f66c2748835d3cd1584d49a22f9b0d9c2b130f770291665	389	.prebuilt_info/prebuilt_info_shim_prebuilts__x86_com_android_apex_cts_shim_v2_no_hashtree_apex.asciipb
100644	9d81f068ad04d71d6989e032b4dc72c2647b7128	90228bc65def861aecb7f02482bf6b8de34caec1469c565d449c5911b8ec0d5c	387	.prebuilt_info/prebuilt_info_shim_prebuilts__x86_com_android_apex_cts_shim_v2_rebootless_apex.asciipb
100644	23b826938ee2f442a1ba3b1c9ef49c2bf66ce2b8	0788a20d4ea4daab425515065b138f93cb38623a3ba128cfea44b8453d706726	391	.prebuilt_info/prebuilt_info_shim_prebuilts__x86_com_android_apex_cts_shim_v2_sdk_target_p_apex.asciipb
100644	9c31e9b092c927f4d04e909fa7ba7192c2124ca2	6411821ae7e81a9a4d2608c4634818511e0f1d9750f2794cae144b486957cd2c	429	.prebuilt_info/prebuilt_info_shim_prebuilts__x86_com_android_apex_cts_shim_v2_sign_payload_with_different_key_apex.asciipb
100644	562ecfc68f915c295a477d8164e1494a83e29066	f6f134e91517aee20fce1f357ea1aef153e1c2164d0957f511dcf0036d10c55f	387	.prebuilt_info/prebuilt_info_shim_prebuilts__x86_com_android_apex_cts_shim_v2_signed_bob_apex.asciipb
100644	cb1ef1c565719d43d3a5b878489140fb47d19e03	892943696583d6bdf8d0af14e1b18d610e8e0357ddb72b99e7381d2f3c1e2f7f	395	.prebuilt_info/prebuilt_info_shim_prebuilts__x86_com_android_apex_cts_shim_v2_signed_bob_rot_apex.asciipb
100644	f03f340985926175bc9c2b519fc2883bfaaee106	affe3cd6b629b79ea9c910f27d8eaade6d3a34a7e9d762bd47424cb42ae2700b	413	.prebuilt_info/prebuilt_info_shim_prebuilts__x86_com_android_apex_cts_shim_v2_signed_bob_rot_rollback_apex.asciipb
100644	338458423a87d9306c690fce7ef162d41cc2a038	ff70135f818617cdc6b3448e92e0822b5292ec8a166847a45d091077d9f4ac75	411	.prebuilt_info/prebuilt_info_shim_prebuilts__x86_com_android_apex_cts_shim_v2_unsigned_apk_container_apex.asciipb
100644	ea782272eaac2da459e4ece77fab7b6f4b3513b0	2fce0e4ff2c4f5e7694933830348bb3e60d7105415e5b2f33ec7eadaa97518c5	399	.prebuilt_info/prebuilt_info_shim_prebuilts__x86_com_android_apex_cts_shim_v2_unsigned_payload_apex.asciipb
100644	58e63869c28c8c2d20428d3cc5584bb6d40081fd	7bc7cd1632b016da90611c26842b3b706daee3e56a3f746b322a7781abce490e	411	.prebuilt_info/prebuilt_info_shim_prebuilts__x86_com_android_apex_cts_shim_v2_with_post_install_hook_apex.asciipb
100644	6255803047171883da795fc116d10c498a5fe74c	506266d27b1ca613b12aada1f57ad7f571be8565a54da8ae0926cf7b4ce17276	409	.prebuilt_info/prebuilt_info_shim_prebuilts__x86_com_android_apex_cts_shim_v2_with_pre_install_hook_apex.asciipb
100644	6250fc30038ed66afdebfc56d1141b0680e7c005	8868807529ca402c0295b3630bff1fb5cfd0937c9a28ff0e6e56358498af3917	405	.prebuilt_info/prebuilt_info_shim_prebuilts__x86_com_android_apex_cts_shim_v2_without_apk_in_apex_apex.asciipb
100644	f8ff0a2154a005c3a34389ac02ed0a7ac843208e	f2f8f622865a281760ff3063df84c48cded6eb459b120a00fee8e54f84b28057	385	.prebuilt_info/prebuilt_info_shim_prebuilts__x86_com_android_apex_cts_shim_v2_wrong_sha_apex.asciipb
100644	7033372336d4373c90b5f97b63c3c153e4c4f3a4	58ef63361a7efc6b768261817aad1b55b281e4bdcb7dfc9be480024128dcbf3f	365	.prebuilt_info/prebuilt_info_shim_prebuilts__x86_com_android_apex_cts_shim_v3_apex.asciipb
100644	dc319d6af0a3ff4a11c762179f43573cbc38e2d0	2cf4cf6e74e05d0ac8a4c6d70c3a77aefde2d9f0c1d8975d67f236c9732f5769	387	.prebuilt_info/prebuilt_info_shim_prebuilts__x86_com_android_apex_cts_shim_v3_rebootless_apex.asciipb
100644	0703e65cd48196229d25ea68359e8a3804a4602c	8c328b4e603d0b8f3e742bd25b9cc4723cceb990113efb9f364b26bf12a52bff	387	.prebuilt_info/prebuilt_info_shim_prebuilts__x86_com_android_apex_cts_shim_v3_signed_bob_apex.asciipb
100644	7a2dfee9c916957ac534ae96b6155faa225ff21e	7962b1a7b113ce8f81272e197c044cf431fef2737434252c596b90347e4426f2	395	.prebuilt_info/prebuilt_info_shim_prebuilts__x86_com_android_apex_cts_shim_v3_signed_bob_rot_apex.asciipb
100644	aec006ee6786c1a1fb15b146f26dfa72ab224346	5b0155bfdd281312578587e8ef9cfbb14bf5671c0196adb1800fb70acf15cf61	1747	Android.bp
100644	8a8477aecb2145a28d1bacbc5b9c2daefd84ac01	217b2099eda8519fc951662089a309c91f93dd1b65fdde807b0d4e2de4ccb6ed	2517	CleanSpec.mk
100644	afec97288621d7aaacbe8e299dd18505863726d7	887c4371da8803cd253a2736a454fbd1bf1e47b4d6612da7b69f0a26ddad5561	16	METADATA
100644	9f9878b011f652bd8a6dfe4d4e3c9d174fb410c8	75f245e753410d38ddd255cd806a815d103ee0e87c08c0a061bb011c6d96733d	102	OWNERS
100644	1b61ef1afc6f35ae3db1abac5ecf8703893b1702	2f15c2a28a15b98d4cc9589890d602f324ec328a33bef4c6c9dc15cc694ce6ff	392	PREUPLOAD.cfg
100644	f6cb8ad931f5442a5e2276ed66ba7b5a733b82c6	51977317b1771c3789febc994d1072092996de145e0f588a9ed6fe8deac2cbea	21	apexd/.clang-format
100644	905035c45fc0f1c5df37e1c8d7578523113713fe	a1e102efe78a0ced72db6575ad75e2d37103dc4be6ed5d1258207358c8465b5c	24020	apexd/Android.bp
100644	ba6ffce9bd988e6ddaf65e10340fd22300eeaf67	d02e30bc40b826186800d12ba2345171c97573417751c87bc87e2b868a8883fc	2066	apexd/ApexInfoList.xsd
100644	184fa6b28d254bda543587c7011762cc4825f3a9	02db85e3ad16776b41362e1582a248c2195c804f1941d196715db2cafec40c69	3030	apexd/ApexServiceTestCases.xml
100644	aea1d248d234ad3c78ab8bc44b571677bc7bb3cc	30a6e5d6a8ef0f44de1bcd19120d5c59777cb79166fc43e5452ef43c77048adc	1915	apexd/ApexTestCases.xml
100644	1a3013146dc815dfb7e79512e72ea2e61221675c	13488846657338f5a222b15fb1141892fba7af61ca4a0f5426435a16b06ed850	436	apexd/TEST_MAPPING
100644	adadbea085f7a6a59bacb51513ff7e37f8f0f3db	9fa3702742e32932452510545542ded19be9d7fe99b3b4de68edeb85ab8b28b1	1789	apexd/aidl/android/apex/ApexInfo.aidl
100644	b048a85facc79bc227adab87a580cf8162bbcc22	5e49deb7d235b098ab6ffc19006ae0c57158e478e940ceaa3d290d041a057dd6	729	apexd/aidl/android/apex/ApexInfoList.aidl
100644	65da11353a6b6719e06b7a59319d72e30033d049	c4283eb43c806c138be969a570ae2c2c73182fd4b05909860c1bdaefe4022242	1062	apexd/aidl/android/apex/ApexSessionInfo.aidl
100644	942f5aadc6738d8f24c508aa5b0b1c0effd59d80	496a2dc5ff4b3cb1a3eb65e3d1ac7973dfbd67f888777d22e602d9b6fee567a5	828	apexd/aidl/android/apex/ApexSessionParams.aidl
100644	48015bd0aa12439f02aee2c8f22913e26e66cbf0	664f80e6481a1911b6a779c40c502a8f8e0c505ea3878953133cc7877355436f	761	apexd/aidl/android/apex/CompressedApexInfo.aidl
100644	e1620bd1831ee783872640980b0161f9a8a6b34c	c41afe66ea75a92c4a847454489c897a023b2ff3e15053189f35dc29f83676f1	759	apexd/aidl/android/apex/CompressedApexInfoList.aidl
100644	32be9ec7274817cf6d78a3bce6c69921948d0672	453ea41d5ce6afe1437f5cc6c1e90fa7a552007e1e9ec47c5b1b717d488bb2e3	3770	apexd/aidl/android/apex/IApexService.aidl
100644	a1d9d018830806f6b5a0b464a39e982cec4c8d34	d93d88e3b897218b2746988971f1de6bdc8066fce7d8b7eef500df332627cee1	1995	apexd/apex-info-list-api/current.txt
100644	b0a75f88f7f4c58ef5b47d6382cbdce6215c6039	07e948be6c343de8266e00e23dcc9d58736163d55b41e2fa89903009f51ee9e2	1797	apexd/apex-info-list-api/last_current.txt
100644	e69de29bb2d1d6434b8b29ae775ad8c2e48c5391	e3b0c44298fc1c149afbf4c8996fb92427ae41e4649b934ca495991b7852b855	0	apexd/apex-info-list-api/last_removed.txt
100644	d802177e249b3f97128699222e65c35e57ba7540	39824f8c9fee1582598de5aa8cfa9653e84fbd69bd8aeb92c4a78c861faad552	25	apexd/apex-info-list-api/removed.txt
100644	a319f101d1eb0b64fd963cbb2dbd5bcd4dd5c886	f5317c0dea9b484c4fdb8f2cee73f378852ab58c7d992c0a08d1edde6670b309	2005	apexd/apex_blocklist.cpp
100644	60095bae1d449c7ce172f18bdb0674e1de4d3a0e	48c24aad7641d242a4c3223d6c563cd4edd647a95f110d674e682d30fa158593	1274	apexd/apex_blocklist.h
100644	b030d336747132c47f3dbbedb38f6baf7ad1ac7f	b7109381e7da7978ab5278d3ef4b024ea926f91a62f454a32c48c33e8ea86281	2606	apexd/apex_blocklist_test.cpp
100644	68b3fdb5917c8fb387a34fd8cbd7157600b76d1f	0dc3d31e96f0d73b66a57e6eed882c5fd05901b3b1d0f452f0e5aec444e3f887	4617	apexd/apex_classpath.cpp
100644	de3d07f031581185be15e589acda612a3984499b	4cdf705eedc1abc39657d19757812f8f07c450ebb47f9f3f786397744329689e	1824	apexd/apex_classpath.h
100644	efa4f3f02c750ba5880e879ee03d8f6f94951a56	ef152f4d440031bbcd00fa7cc79d5e1ba5a5f650f65a0aa86c29f836db31e4c3	4069	apexd/apex_classpath_test.cpp
100644	4cda34c94eddc84664eb0810739199e5861e9518	26e586a4285a32bda3d2667e9c97088376ba665ea0089ad56db946d9b6392ae4	5906	apexd/apex_constants.h
100644	814ae7c2f2f16085b3082a41018c00226452989c	794709a5891bdb83eaf3409f726d2c599cfed66d15ea03b927bc3d703de8f044	9819	apexd/apex_database.cpp
100644	e2165db0302f2e68efde322caea5deb1b86b9ad1	26c393ed7d3048c11cde476d20348cd3369fa1b181b9b21e85e593a09bbdb72c	6282	apexd/apex_database.h
100644	c4f4cbd3a97893fc4012bef48d5aa892cf5b7f9d	cd825857399b7927e83192d1fc39df11a5f4e21a6d9d4734892184e5f2b40c7c	5700	apexd/apex_database_test.cpp
100644	c5e2963456128eb9d140ecea760e95a07ff25177	ffd978ee5fb6881637275ee3ebb119dcecf6607296619512be0bba7f5835e889	15806	apexd/apex_file.cpp
100644	4f78554cfef7c16e51d324c61eb18c1b7bb2af8d	e5714649c6716d901bb4d47f6fdae0ec74a2e7aea0ebd2386142b234802a1238	3098	apexd/apex_file.h
100644	ec77f2dd0ae8e95e25dadc47e385cf62de3cffbc	dd6e540c9b55d0d0bdd91ac171dec25b79e796c91c7c4127bb5e87dac7a41942	23941	apexd/apex_file_repository.cpp
100644	4d9b087202ea65c3901553ad8b0e09ac11afe78a	01b1d16f5456384a93476d6c1e1c59dc423b7bb8caaa895e0929da5d2e7cfd5c	11273	apexd/apex_file_repository.h
100644	f8ba47ffe68615f4dbca6f4ef5745082afa9687f	2e2a4d9650c14c18748725663438dd73978340e09d8ee3d5da806f132c062672	45944	apexd/apex_file_repository_test.cpp
100644	dd50f9d017702ceec0aa2fa91176f5bae88a14aa	cc985c5da645c48e9371cb23293fa0322cbbd0285489249bf6b210a74d14f283	12527	apexd/apex_file_test.cpp
100644	bfba216edf336bfac171f7d783190e4d05c4dfd2	f453d1eabe651f185b8e1338eeec22517064431baff9bb3c253222fe55b68020	1809	apexd/apex_manifest.cpp
100644	5bdd43bd134b99024d0980fc641bce13b62d1803	2a5b9defbb20430fed58dd44cc878a7dd6498c3f2f257f869928731c0409e571	1316	apexd/apex_manifest.h
100644	f5bc93ca14be8217f7ceb624b6107a0dd1efda8d	e93abd423cbf1e4d0cccb77f8b9a6ffc7cf29779a251a0d2887dba7d68f63514	4097	apexd/apex_manifest_test.cpp
100644	699126d5836554afa7925af1a42211bcc33d6b3a	df5627f71e2c51c70ef266ec9b54b8a892c81d4e04a1885b574cf47ec9605725	2463	apexd/apex_sha.cpp
100644	c5099166f409f7b9d13d817e5133e18612a6168e	42d828b7467147c6a656eeeff1e0fcb047fb1a01087495de6e38aef21ad2d81d	893	apexd/apex_sha.h
100644	c6411561fc2584552542908e84114da1f44dc6b5	0711674d90c0916720729df0120ef6109c1890bd17d60210722b04e949387eee	6862	apexd/apex_shim.cpp
100644	fc8c11c38c20564e8d969a65fdc5ec33d83e2628	be3fdcfbba655f9d75af4d08c2a70b1fd91093d8046e5dbd52b4d2a1c0181023	1234	apexd/apex_shim.h
100644	2f8b290ddd3a80c424ebe5e93c8be23df34eb872	bd291ec1dbd8195d1840f55e6fbe5c02c799d2bfc64baac74e70410f0d14cf91	250	apexd/apexd.aconfig
100644	3a877ac20a9350105484fcb3ebb0479c01d3008c	e32877c4feea1a49daaaaa86d773be80a7dd1f079561156640effabc7d53c593	134727	apexd/apexd.cpp
100644	f54fea2ddb9b49df16ab19e7cd66d40070e2f543	c295d4f3db964af472d0709a4d20a503b9fac1e918b1a9824d4c5bff21ce6779	9469	apexd/apexd.h
100644	0724ee175fffa88102e88f421f7c2697081eb7bc	bf16d2f0b359c420807b1d5bba86eeff46ef8ee4d6d46659a75d234e1542ba41	1322	apexd/apexd.rc
100644	b93d8e65736154c095f39c7f7377a94bd559f408	844e868af448ba9c4e18743b9af978ed98c5831326da08623cec6fbd4242e76b	2029	apexd/apexd_benchmark.cpp
100644	f785eeec0415e528a6ee904c60c67bf625e71f41	2f44a343d3c2f7475a1e2f54e8ba6e4d7141362e4d7134977b65337faaf7461c	2679	apexd/apexd_brand_new_verifier.cpp
100644	1719460f9d385e8859c2738092ef4c14069d68be	f213bee9c64bf2bec638c4b424dbf7334a9e0b29615b0610ba96ceb42266965a	1972	apexd/apexd_brand_new_verifier.h
100644	75239465a5b488a000d13ac2937c4cdae84b7f1b	d2294d327e0094f68d17e923ea9b6a213a64a6dc4382a09dabd7722733fe54f0	7689	apexd/apexd_brand_new_verifier_test.cpp
100644	cd5e65b94079feec8053ca3f91ca0655d83dc042	c7cc3ad22480d8ef6003f0b5f74d98b02f78eaabd2eecb6f596d87baf036bfcb	1723	apexd/apexd_checkpoint.cpp
100644	c60c884d9a2e7e75d61da43558bfdfa62fd9cf81	90558dcfe1bbc50d179f584ee35411566889f80393ddde29b14180c8c775141a	1567	apexd/apexd_checkpoint.h
100644	22ebe78587a2b7087825335450710c1841192435	a43f39b2afd759d1a7d72e8891d0f311e1c533e9130e11c20fd7adea08d27b9f	3034	apexd/apexd_checkpoint_vold.cpp
100644	e18d77bb2fe939ab44f4e1f4ebcbc2126ab017dc	a04656d953d6f1e56f54f0676ef4fd22aec67d300bc4bd1ecf0c064fb33fc204	1696	apexd/apexd_checkpoint_vold.h
100644	4a995b591a5784f27aea037f588560a41d652b31	239245501dafd6983549042d6ea081ed95668c9a98bc490e5b21853b97dc65f2	3661	apexd/apexd_dm.cpp
100644	84f0963f0197b6ad68bda8cbcd7e22ec331491b2	cf8ee9fd8cedefa14985d103ebfe3ee4e381cbb98adc3d7a2d4cabf8e5477469	1967	apexd/apexd_dm.h
100644	7e7c9d16bf057c08ff4909d88305837010615826	61fca41eb1ac280fc705e1a4f16c1e4a936f968b1df1adebacdf5dca10b21fd0	2699	apexd/apexd_dump.cpp
100644	db6b1544d17be5bc6eea1b49a6086eb4b80d9589	a0f71a6f22a6fa2d38ed81090bb3549a0475c3d159f69802802ce140b3d511e5	26158	apexd/apexd_image_manager.cpp
100644	632f969f51eb232a98750fafe162861b09db0e3c	b61e7a5bd5f437484ea3b93249f210c51913383796978f99edc8b5247cb11d8c	4509	apexd/apexd_image_manager.h
100644	989a28583709fc9cd6ff15c770423af79d84a829	d687237f2cef6b6df74dd99e24a5ab52edab0f9982aa082d9e6d42733f16beb4	2332	apexd/apexd_image_manager_private.h
100644	81723782f108206998726ef05f4ca91d8f8b3ae7	92f369aace0c848974b2edcf91f62425b39d83a90d55f2198eae7efeb0f58e40	13977	apexd/apexd_image_manager_test.cpp
100644	f472313a4dc82eec97f87038dd54b273ca71464d	778476b728eedc4fe45171c73850be8dd8a9c516ed4f38684960f34ea771727f	3343	apexd/apexd_lifecycle.cpp
100644	e444161da7dbce1f50ef16cd12b8281b241f7925	7820f500bcb59f7aa8ac9163de32de2e82ad832fa56e61fa59e4496be885a854	1429	apexd/apexd_lifecycle.h
100644	c31c5dc36f3ae29cad11b1e639a227ac539862fb	fac0347a7f63370898546d43df68d621fedbd305c767c27bef594ca08e588c88	22453	apexd/apexd_loop.cpp
100644	18e70b1b7d06950d0e0bbdfa9562e8c5e6cbd1d3	04c4162a37e18f184f84785f4b54dc9f95e2e8a716f6fb0e9dc5a12d0d9ee65b	2211	apexd/apexd_loop.h
100644	5bce75dddb5c559d9821c34d726c444b3a7cf1a6	deb9bf966090a4c3ba0f1064b6791d674e22e7e069e99ecba15c293a795b90e0	4168	apexd/apexd_loop_test.cpp
100644	18f95ee15a4f867d183c03da168a53459da9f4cc	a96f16bde40557472955969bbca66bf384dd35993051898c272053a5099c2e61	7362	apexd/apexd_main.cpp
100644	fde6f9d3cdbeaa2351487bc46eb063d130eb45fc	7719b2bd8dbc69b860067a3d2a6751f4cebaba352e2972d9c70ef21c7939e36d	4223	apexd/apexd_metrics.cpp
100644	dce8c3d6126506888102567dd6cedd62a0cb09ce	8b9cbaa729b0a5c859befd6029b9d7d0adffbd26616c0b8e5e576aa9e2a87217	2811	apexd/apexd_metrics.h
100644	39bb81086ae504607dd8c90304830f426d4288c1	57c3f1b31015cbd2260fe99aaeb363b599c0a160e2b79bc9c4cef258e35f2003	3710	apexd/apexd_metrics_stats.cpp
100644	4e675b10e704a0d6f6c59552999b5e4f56f3c141	a83dc17637ca9779a260d615ec9cd5caf876b261017820f9828978a44b9d53c2	1172	apexd/apexd_metrics_stats.h
100644	e14b882c591542fe2e979238ceffa85d55aa2037	750c7c17d8244ae56980969a38b0c3b87902c13744066affc2476f33f29f362f	2047	apexd/apexd_microdroid.cpp
100644	e6fdf255d6dbc3b66ea4f68420ac7ee5933f613c	c9d04ea78fdfb9f891001fd80f1de11796704af3a7ec5b6456fa618396c462c6	2730	apexd/apexd_private.cpp
100644	a15e0b3cc9baafbadf12d18eb68764ce72180793	ddbb4567d05ed11699747030bf9a8fe4cff82194cf1c214210c4adbf8712d09e	1539	apexd/apexd_private.h
100644	b4dffd2db88004a59f3b05933ec59aa1588d6739	ad7e00f8612683c653226c6138e3396304edae8a12b147b9365ffe4e3708dfc3	3164	apexd/apexd_rollback_utils.h
100644	9a0123c5e72dae4ef1e8c8a77ddafdafa0250907	d4f8a5c0d3faa54675feb81b7389ea357881254d8c843eca0dbe714a5fd0b826	9237	apexd/apexd_session.cpp
100644	1978a0bb082bf58ddba4857114b988ececd3c6ae	0b84a5d30e21abb99041df7f990c8df57734089c90d0b2b785296d43553956a1	4065	apexd/apexd_session.h
100644	3ec36485cfb075cfa83e83a3de538890acdb1812	5d08c45b54e9dfd7e77e8e56c8d94ea50bd7836a547796e5ee63511955a73a49	6239	apexd/apexd_session_test.cpp
100644	d6b9e28d57aacb15aa1c461f6e6e67e6e38aa2d2	f7c5f63a3427345362e5d2cbd095453887699380dcdd594709b9e8d2895348f9	208152	apexd/apexd_test.cpp
100644	4e075e92821303eb02ae0372a00f8cc6787e9f31	2c2b9ad98b7cf7b3196051fc89c4d87aad6550e1819bbefe1029d538249e1663	18566	apexd/apexd_test_utils.h
100644	f4cf286a825cb2ae9a1ecab74c43e315b308e6ce	72ebb79a3c009aa110b8f91fcfd3720394a136c215d0ebaaa4b7a69d09119dfc	20189	apexd/apexd_testdata/Android.bp
100644	242d1be426cec104ab20bdebfa90fa3a64270cf2	a80e337c3d92dd5ecc04739c8af05979c040c229632eafcfc82036f88ceab3c0	799	apexd/apexd_testdata/AppInRebootlessApex_AndroidManifest.xml
100644	9ed895a42f1f0d486d90588cc1d2068065efb103	79d557d65cd9918e1c1cbd4029af9e6510d6c47307269b83419dfd2e11a2de69	17	apexd/apexd_testdata/another_prebuilt_file
100644	7ceb448b2f6122e1bd4ba8af93d1f6d54a36b31c	f1dfbe6a1fc7624b53eea813debf1247172bd8b9a15f615088a8ffc1af59500b	112	apexd/apexd_testdata/apis_for_tests/current.txt
100644	d802177e249b3f97128699222e65c35e57ba7540	39824f8c9fee1582598de5aa8cfa9653e84fbd69bd8aeb92c4a78c861faad552	25	apexd/apexd_testdata/apis_for_tests/module-lib-current.txt
100644	d802177e249b3f97128699222e65c35e57ba7540	39824f8c9fee1582598de5aa8cfa9653e84fbd69bd8aeb92c4a78c861faad552	25	apexd/apexd_testdata/apis_for_tests/module-lib-removed.txt
100644	d802177e249b3f97128699222e65c35e57ba7540	39824f8c9fee1582598de5aa8cfa9653e84fbd69bd8aeb92c4a78c861faad552	25	apexd/apexd_testdata/apis_for_tests/removed.txt
100644	d802177e249b3f97128699222e65c35e57ba7540	39824f8c9fee1582598de5aa8cfa9653e84fbd69bd8aeb92c4a78c861faad552	25	apexd/apexd_testdata/apis_for_tests/system-current.txt
100644	d802177e249b3f97128699222e65c35e57ba7540	39824f8c9fee1582598de5aa8cfa9653e84fbd69bd8aeb92c4a78c861faad552	25	apexd/apexd_testdata/apis_for_tests/system-removed.txt
100644	d802177e249b3f97128699222e65c35e57ba7540	39824f8c9fee1582598de5aa8cfa9653e84fbd69bd8aeb92c4a78c861faad552	25	apexd/apexd_testdata/apis_for_tests/system-server-current.txt
100644	d802177e249b3f97128699222e65c35e57ba7540	39824f8c9fee1582598de5aa8cfa9653e84fbd69bd8aeb92c4a78c861faad552	25	apexd/apexd_testdata/apis_for_tests/system-server-removed.txt
100644	4729c49668ecd5786f8ca0f1b8ce0fc552a7de19	4d04215ab9f0fca01a6502c29cd8da82d182ab3b1488aebbdefbc230dbc96d1f	103	apexd/apexd_testdata/blocklist.json
100644	26d3715d9a231cbbf27183c73ee3e19d7c4786db	9d1629ec2dcdeb18c9b839bd2db9f78c330e026256c1f34c57471b384f2921d4	179	apexd/apexd_testdata/blocklist_invalid.json
100644	e3e5f232b68ec0f208ab4511497c85893a9a8a80	359c7c7c8733ba1dde38c2d9c82368d30882af456e659a8b732b74ff64ec2962	1032	apexd/apexd_testdata/com.android.apex.brand.new.another.avbpubkey
100644	ed2202f81535fce2038801373b36635691739e30	975e6a103d770c4f7ed7f9128796fc0ce62fc249cff73e91903c463b66f9ba8e	3272	apexd/apexd_testdata/com.android.apex.brand.new.another.pem
100644	bb19cf906c7a1ed02b5bece63440e3465a2cebe4	dc0105d2334d0a73746e7f9542cabbfbfa5df1e29e062cef144aa98511580fbc	1032	apexd/apexd_testdata/com.android.apex.brand.new.avbpubkey
100644	4e44206dcb178cad6c7a0be1828f55ea56b9fced	d4e193556e77b5abc4320894aa6056be17203efcbdec6b9459464d68515819b3	3272	apexd/apexd_testdata/com.android.apex.brand.new.pem
100644	bb19cf906c7a1ed02b5bece63440e3465a2cebe4	dc0105d2334d0a73746e7f9542cabbfbfa5df1e29e062cef144aa98511580fbc	1032	apexd/apexd_testdata/com.android.apex.brand.new.renamed.avbpubkey
100644	92767eacd5cf8e6bca874b46b828c62801d92d42	8c592c2e622e1b617e211b03c4ca9d052b7d6914fb58efdef1a65b83f1ae2f70	1032	apexd/apexd_testdata/com.android.apex.compressed.avbpubkey
100644	bc2c0a7232e4a91c3871c55e25e7b964288a981b	8d35d6153a3c589f777a797910e69709ba0d53a817b532c30f85e530b8907d7f	3243	apexd/apexd_testdata/com.android.apex.compressed.pem
100644	92767eacd5cf8e6bca874b46b828c62801d92d42	8c592c2e622e1b617e211b03c4ca9d052b7d6914fb58efdef1a65b83f1ae2f70	1032	apexd/apexd_testdata/com.android.apex.test_package.avbpubkey
100644	ea34cf3bfc878bc7ad0e6c7df6af9eca0cd1b953	a5ff2d0535d345059f7acfb03c082bc9bb8fc9988ccb549862367c884a7653d0	1032	apexd/apexd_testdata/com.android.apex.test_package.no_inst_key.avbpubkey
100644	04c3ab26dd386e196e886b58d432ec21dbdd477a	59f26a6a5909cc40322349bc6e39e516bab82ef805134507b45fb914fae8c6a5	3243	apexd/apexd_testdata/com.android.apex.test_package.no_inst_key.pem
100644	bc2c0a7232e4a91c3871c55e25e7b964288a981b	8d35d6153a3c589f777a797910e69709ba0d53a817b532c30f85e530b8907d7f	3243	apexd/apexd_testdata/com.android.apex.test_package.pem
100644	fe7c4b3602197c37400d5a51a01a130043a3e248	62e35676fb9bfa30c24f6a2faaf994a37da60b9359f6c3e2b20026f74aeda3cc	1032	apexd/apexd_testdata/com.android.apex.test_package.prepostinstall.fail.avbpubkey
100644	c019eefa82cd1e50467b4d1e952a75054ae9b7f2	93dd87e4beb320b8dd4eeb59b703bbb37b690f0273203335c29f89f66d8b1ece	3247	apexd/apexd_testdata/com.android.apex.test_package.prepostinstall.fail.pem
100644	92767eacd5cf8e6bca874b46b828c62801d92d42	8c592c2e622e1b617e211b03c4ca9d052b7d6914fb58efdef1a65b83f1ae2f70	1032	apexd/apexd_testdata/com.android.apex.test_package_2.avbpubkey
100644	bc2c0a7232e4a91c3871c55e25e7b964288a981b	8d35d6153a3c589f777a797910e69709ba0d53a817b532c30f85e530b8907d7f	3243	apexd/apexd_testdata/com.android.apex.test_package_2.pem
100644	1d02697e1584225e6d9888f535908090f90a0922	b0234d734534e06c3e5928f01933aff8b89d5ad11c9a0fc4632b5914ead46ed0	1009439	apexd/apexd_testdata/corrupted_b146895998.apex
100644	f43e5ea85697b41990ad15d6f11188b86f6f1978	7f2b4eccaf7d806e563f652af408f2359ccd1b97fe2b412e4c7ef8e1375d08b5	24	apexd/apexd_testdata/fail.sh
100644	5020409160c8d078ce30e8701a3045bbcad1af6e	1772301d454698dd155205b7851959c625d8a3e6d39360122693bad804b70007	62	apexd/apexd_testdata/manifest.json
100644	febbe35200d153337c3e10cca7f3cfc38da4300c	7e92c92976423036fca4a0c1740f10f73f73169abdfb09faf14be07818d973dd	93	apexd/apexd_testdata/manifest_bootstrap.json
100644	1c743c82788b6345e7fb23521ebc18501253b63e	b0180660cbfaded4475c516845fb2a0fca09a9cef650d4232bb3e3e9508c382e	95	apexd/apexd_testdata/manifest_brand_new.json
100644	72d07a7a102ebcb0b3958b6e1c592ee6851488a7	2f81dec99563ea201a60f4c7a5a29a4cd70865e277de4eb5418fb4ffaca3bdb8	59	apexd/apexd_testdata/manifest_brand_new_v2.json
100644	8c07cc82fe0c1739881ffe01be04b382b4ad3ed1	2790c2320b3266d2c2b07c01ab4456ef8085deb238c34a2d57a9276aba41415d	60	apexd/apexd_testdata/manifest_compressed.json
100644	c5adb514c1931b4f091e2d0e3e38431ff445525c	9c0f3f18af6afdf3929e292cf5d0cdcb8550b5b28646ed5c2fab8011d9896f15	60	apexd/apexd_testdata/manifest_compressed_v2.json
100644	83a3e74b29d78f537c1d41156cdc1bdf084cf5ea	10d03b397f91d87d2bd58d9dda70d4d3c0dd9ebb7b1264a21d5ce144734332b4	64	apexd/apexd_testdata/manifest_different_app.json
100644	276afcc58bbbdf8422ede6ba7d2754432daf4894	bdb1312ac6de5987d6333733e30e50ed325fa372fb615f92c330d07233d54623	74	apexd/apexd_testdata/manifest_no_inst_key.json
100644	6aa0af0ba957d8e74d58ed027c4628789dbb62bb	25b28cfb1bbfc46e8e8c001f4b445b15b788c842ca4e2725a9145166aedef4df	80	apexd/apexd_testdata/manifest_nocode.json
100644	a37fa005e48bd13fade1f3660cf711d85c71053e	7529a942c2501bf031bf94a53d9f1c6332e0915efd7b5d43e2636868731d5041	146	apexd/apexd_testdata/manifest_rebootless.json
100644	eab172c942042c793d6074ac481684df68ad858b	f880ef6957b0abce3521923bb2594736749d554312aebe7c50b4a4c927d6d703	160	apexd/apexd_testdata/manifest_rebootless_add_native_lib.json
100644	bf88d2eb81410643372bbcbc0c9f2f9f86b7d146	e356b4e458207bc62a1ae191de07e468cf309791969e1542207190f02d6c5e7a	182	apexd/apexd_testdata/manifest_rebootless_jni_libs.json
100644	ef829b07d7fa0d91401e92683b5647aee39507bb	13453031351601de7558562af76160d84b2b857d7f903657f0791a999b7ff75b	189	apexd/apexd_testdata/manifest_rebootless_provides_native_libs.json
100644	0926e70fe1b00f7de6fc70df268324ee5e7f273c	35d1aa007feb840d1a75b1fccaa971273be89248d883e56caf8828f505e69254	132	apexd/apexd_testdata/manifest_rebootless_remove_native_lib.json
100644	dfcb21fe994d8cf36885466a37964a126bf39aa9	bdedfdd14a88f3ec5c6b0ff0b2742e1d36bc05e63d38258bd227ef512dde901b	146	apexd/apexd_testdata/manifest_rebootless_v2.json
100644	9d5db3e9718360a23f57753a9c62fda82c04fddd	90bb579261a517099b05b97e2ed821109f0f8d656aed7bdda2822646a6809c8b	62	apexd/apexd_testdata/manifest_v2.json
100644	fbc02fb3a9123b964be711a4e5ca7e06cb3eeef8	5286721e673e03b85d84d07e3d3009dc17bdda80714668fa73c5743e49d1ff83	62	apexd/apexd_testdata/manifest_v3.json
100644	0746a427960c653dd087dee2d8ba33baae01b346	c0fc2055d774286918ad62ef7148e9ad7ce1fd547ec5856b8f45b0609bef7519	71	apexd/apexd_testdata/manifest_v_long.json
100644	97909541b70c62b9c4527b9d7c460ce47d277ba4	7e2e2b4086129d83f0c00f0d469468992919d87262c95026c13587edeb7ebcde	1048576	apexd/apexd_testdata/sample_big_prebuilt_file
100644	e69de29bb2d1d6434b8b29ae775ad8c2e48c5391	e3b0c44298fc1c149afbf4c8996fb92427ae41e4649b934ca495991b7852b855	0	apexd/apexd_testdata/sample_prebuilt_file
100644	cde11d512e681ee9f314b1552b9feb080ad1dc28	078ce9af73d29edde3ade72d53686705a018054becfc46c261ae05cf693db089	313995	apexd/apexd_testdata/sharedlibs.apex
100644	b24fabfad7c57a3286772f06bb7b62e5343010b7	96abb18af594bac82b954e000b664104a5a27ba44cc030aacef0473c81f24ca4	697	apexd/apexd_testdata/src/com/android/apex/test/Test.java
100644	b34e0eac1ea7b434aa1339487444a72c62a5dcc9	68e5934daeeb458ca59a75e083890ef373a36fcd2f331a31a09b17f2dc99b3a8	146	apexd/apexd_testdata/test_apex_service.rc
100644	691f0d70206170bcff6a1d6373e47dbc18342d6a	dff92f9fa7ba013af48559462c09304be9ad18c35d9a5c7aa953091f7c75ac5b	11370	apexd/apexd_utils.h
100644	ac76dd524d38808bebf71ddb15b90ab1bc29b3dc	1acee912df7b6a1d122da0a015225cc3c920e00148a6378d15af5974a2356c39	10149	apexd/apexd_utils_test.cpp
100644	88943c8b9adf8e5d29e24b410b7c50c47082eab5	ea614e331e5ecec394669d86d3543a442e8dc7f72cfcd0cc377f389dc180da23	3905	apexd/apexd_vendor_apex.cpp
100644	d58657093b4540e6a4f733b16c0f932bcccb73b9	e9adddc097166c45287ece054a93389d5d047395a236696abcf0fa87d66016dd	1076	apexd/apexd_vendor_apex.h
100644	fd65588b3d9dcb64c0af9af0e335ae13a029469d	2ec8e499257c7bdaff5bde951ad80e556cbbadb03616896367620654ed000dbb	3497	apexd/apexd_verity.cpp
100644	a160a986f3e934b1a30399e7fb426eeed47ac174	10b8f77fdcc09aafb3a2472d0b5c8311fdd43fb6678b9038b902838c55e40516	827	apexd/apexd_verity.h
100644	eeae69298be7a1635db811be92bd4d925f5d7ec9	2951bdb6a89d854eca6307de1a357b93c1ce3223a24a326ad039965200c47bc9	33657	apexd/apexservice.cpp
100644	73c0f1f5e4f2edf42299c9b1ed435cb9c08d9834	64eda6bc8f38e53af18408369c16154bb18395b24cd467da3cbb0eff8474f6c5	969	apexd/apexservice.h
100644	ca30bf82a4bf6a61711e774b824923c1f8daa2bc	f0fef74394de59e5cbded25c855e19454d7d691ca26be476178a6ef7722f700c	59200	apexd/apexservice_test.cpp
100644	509d14d78cc6730fca142dc254c92916409fb69d	dd2e44e79e2cd5e4603d8bd83a863884d5c3562d3aedd7b054e742983b8766cb	6611	apexd/interval.cpp
100644	fee351fcd905d40ee02e9e25e9c57e529044d764	b4bf1c0d5da9c6a296c273c33835f243b54c92881c674713f2163e78048e0d04	2579	apexd/interval.h
100644	804ed301581dff9806b604a1feffedde15652ae5	ccc81c8b965cfece6744dd1c4f51aaa7d73f647116d0ee1f5d22340eac066dab	6707	apexd/interval_test.cpp
100644	8792c3d296f479860f226919bb7198c3130fc61e	a60d32b2550290f5cde1bfa65e37087ab3f82d469ec632d447ae4d009608668c	1558	apexd/string_log.h
100644	1f78fed41d72b6e015ac7e5072bf220a11c0e257	9580941eeec67ee7cbecd1d8cca88b6d763db2e151ec2ef7e92e80f9bde9a50b	296	apexd/sysprop/Android.bp
100644	88a7277e8fa85afec46051ee0f7ed0c48dc7f971	2b9dd938db413508680bf76c196cc39b370c839fa9498b5c248055cdca2ab980	2272	apexd/sysprop/ApexProperties.sysprop
100644	e69de29bb2d1d6434b8b29ae775ad8c2e48c5391	e3b0c44298fc1c149afbf4c8996fb92427ae41e4649b934ca495991b7852b855	0	apexd/sysprop/api/com.android.sysprop.apex-current.txt
100644	179831272b05246a31168c0c3be629421bd033c8	4375dc6bc474d766cff4e60ada9be436b3cf34f47f54bea6e7b04aedee525864	147	apexd/sysprop/api/com.android.sysprop.apex-latest.txt
100644	030dd86eb6ad43bfbd5c4e6e4682d32b2e1e3a2f	255265036826bed9f2841632a1e503afc08e08cdf180e3adbb50d9693f588866	5309	apexer/Android.bp
100644	1ad30781ba4ce8d3d5862ba15be85601c5c84f09	f592b55ccf147e33b04d9e7f059b6e923c94bbf70a73458cbef3c15d09c415c4	132	apexer/TEST_MAPPING
100644	db2b985ff875f64dc48be9a35309617673ed77cd	7654d946b0de668dbdf03fe4fa36cfed3bb357f080aa17b37c5d08a76da512f9	2028	apexer/apex_manifest.py
100644	8b20ad72d81d277808a40832390c238e8a3664ca	373775aa905eff9ce7f1c41602415200a51e134b839e06b84db0042570e9b30d	32122	apexer/apexer.py
100644	8eaf87589ddd4f55599429cd3c1ec6289d71b13f	8ae7f692e55ef0960d1e25d0e922e511bec2319394cbe5271af49a969ac004bc	19171	apexer/apexer_test.py
100644	ca3357534929541d5a9a444a2e1290d0cc3b5459	b92576236ffedc655f90d75cfffba9b163a3ae3c0a414e0d32e557f928c0ca02	3922	apexer/conv_apex_manifest.py
100755	4d9d60297e4e46bddf0fb1069c1fe90e07848f54	2f1af7bcf832369b335a0ec6eddb3b7d9723156b6f029c62b0962d268141ea98	5347	apexer/runtests.sh
100644	a5ce4efc23d0a92a1a279af279359fb37c76d79a	c0a7f33a24fc0f6aa860fc127b90f86b48e30fdbdb185164ec57aac59e7113df	2466	apexer/testdata/Android.bp
100644	28bc8f71e29bd006aa9cb0598c4aa1420069a7a2	263e18c30ba1a23e9cccf72cd7d823b47504abf5bbfec2ea2f95a6622104d5fc	1032	apexer/testdata/com.android.example.apex.avbpubkey
100644	bd567789b251ed5d66551610361208a7612f533d	df7b3b02c3c7df290846947773d633ffda9b533490eee6db113493dd8cb6b8b6	3247	apexer/testdata/com.android.example.apex.pem
100644	5486be08a2e556962f23e0ec92214feb1007383d	d464450d5e1a93ccefd982df1e19bafcee6cb3aa7a871f5db660fe70ed1e2de0	2374	apexer/testdata/com.android.example.apex.pk8
100644	37f7e7052c259d1970e5f03269244330145d0188	92d9116e6c29569a3c166e43e64bda610cdb18c00c12698596e7a96fa3a4bd32	2204	apexer/testdata/com.android.example.apex.x509.pem
100644	8457f8904e2e5888d71977ee4735ff94a94e22b9	8bd97b843eff17e6f50e503c7302d18441819085d65e4c93b819b1b51ba2d810	3272	apexer/testdata/key.pem
100644	d70fbd4e4fb3a0dee372fc06bf9cbea5605352f8	c7d42cd0999a72b67db90e5ea9c8e9b3b35cdfdbed2e5b55cfa5ba513b92cf36	57	apexer/testdata/manifest.json
100644	e69de29bb2d1d6434b8b29ae775ad8c2e48c5391	e3b0c44298fc1c149afbf4c8996fb92427ae41e4649b934ca495991b7852b855	0	apexer/testdata/sample_prebuilt_file
100644	a43245afd4295b81ef6a41e82cb74ca080b95335	1f4000694978a18129a11daa29b96823dec2ae29651f063ddfd971074e624a19	27476	docs/README.md
100644	755d1919888ace27a24d15691fb16a1e86ae1476	e489a7253dfe434bad3209d1661c73df6636572dd45f70afe7cfb6dd6c548e38	15641	docs/apex-format.png
100644	d67efcbc31b825e586efb009db22648e826e3bfb	c91193efb7e52c8ea6199946d109bbb7f87d7a7c533fa0ff19fcd9687f4948b2	26768	docs/compressed-apex-format.png
100644	3df8f0475f000afebb9f39517a5a83a310347c7f	7878c6d3e9a918d3385ead855bd5d16ece0312491c36262f990838f10dc97a3b	18295	docs/howto.md
100644	a56d92e241e168086de7e21478fab5fe8a400d0b	764e99fbd15870cc857985194ac5883ef747669eb21b4945ec6ca181a781f050	646	library_linking_strategy.cc
120000	037a768db933f58ddafe401a30d0608826b29ec8	34c69b69e579c2fa24bad999719c0282e06d91c4cc9d2cd375ec3a9eb87169ba	25	libs/libapexsupport/.clang-format
100644	e7743d88ffc6860e14b942a589ac8527ba3d45b1	b5287c07a5ec7093387bdfec6b946145771ca715064021e31146b654fc5e507a	922	libs/libapexsupport/Android.bp
100644	d774a1173abf6ebe5425351043060cc3767f9532	ae0c14a7bbb6cad545aae4d5872957c6704c10bf09bd6d3bc5e33e5934bb0923	212	libs/libapexsupport/TEST_MAPPING
100644	2a01422b0cc152dd4b17d7afdb7a7f9fb8c3050d	0cc25b3883cef30824ea514d871ebe024d84f1be34bc522a250f400db641dc69	1682	libs/libapexsupport/apexsupport.cpp
100644	71a04539eed93b1cd69375b66c4c1a68eaf8d6c2	1690ad1b3097541ca18449a3863923a001f8e9e9df500d411f606ea8a3116222	4366	libs/libapexsupport/include/android/apexsupport.h
100644	b180a52189d1d49d8a64f3212493391e79e66748	ed5ce49067d6bf66ad763ee8eff7279dc821cc7a1e4690cd99d6727b601a0b71	911	libs/libapexsupport/libapexsupport.map.txt
100644	cc900edb0c10ddf680521ab5778ce001f4c15d28	8af315ec405c89e46a433c9a54caffc9a2a738b6c03fa2fc740df6d91379d10d	3970	libs/libapexsupport/src/apexinfo.rs
100644	f2029c84eeef77c1c24e192ce4d679e7d93c1432	e4db8e6c0103db025ef1e26d397e4ef73e21927d4af8732ca9e6d3da5fdf15f0	4319	libs/libapexsupport/src/lib.rs
100644	da7aed38291179083fe67ac244be628f0930baff	392b0ad7af70af17f9bb80e8775b7c186b52ccaddf3b1e1b95d33010808390a1	1179	libs/libapexsupport/tests/Android.bp
100644	5a08262f4c71086155e5ada6f705e60ae2172cec	9e155690b255285915bce8f75614f6b82d077e06a9ecb479cb96e894d8d7ede2	155	libs/libapexsupport/tests/file_contexts
100644	23c012c0ab0d6a73e2d06dc54ac6acf5c6b83928	decf2c1b1364719da16c40544ef6253061396d644c15515d6115f5042be3d5e1	2103	libs/libapexsupport/tests/libapexsupport-tests.cpp
100644	6569cbbdcb53f94233f21325b0e81e2dcbe97f88	c312484c170ad1838bb1f596f08b7c9afea582e2ab8c626cbfc766e8a804880f	672	libs/libapexsupport/tests/libapexsupport-tests.sh
100644	64f58545a6132086738399daff7c79cca2aef289	c79cacbc83a3cbb10ff1439183a448835b047867fc41b0c0ec39c5effde26b1f	69	libs/libapexsupport/tests/manifest.json
100644	a37a5a7cab58439f2cbcb53c933f12bb82804d9f	f8ec44baf02fc005ee9a9137cd5b6a85891da13052de5c953258bba9a9464a35	1587	libs/libapexutil/Android.bp
100644	18953fc70e8a5801a896ad212c3a3a5b40a0dbd7	73e37b931974fbce9ad68a38e9ffe64951af912393d24057ca6927323487b1ab	71	libs/libapexutil/TEST_MAPPING
100644	6203a3b47ace35c6e6255db2f1b8540eef9ebc7e	5be6c19e3bb9eb2874900f37d99562ab52ee79695d598120e19fb58a802ca37f	2407	libs/libapexutil/apexutil.cpp
100644	0e8a8a4fcd3db8ae590e5e811b85461dc3b062dc	e05b49862aac4dc75705ef489bd2e900159cf50672b6908f1b755406b2f961ae	1180	libs/libapexutil/apexutil.h
100644	1fd12f33929e3ebcc3667e3c7ecb3e1a4ed14814	e56aac2b1a589f5d8edfcf101f32d041322a4825f2e31391aae90a6ff12722f8	2985	libs/libapexutil/apexutil_test.cpp
100644	ade7d7b36bdc94d2f77cec0347cc337200ff12fd	c4fc1821a78ce290e1db63d1c9018f21187175350dc867591bdbb9bd7202f02b	791	patchlevel/Android.bp
100644	1bb3b2ccac479ecef434c26afe09a2025195e549	9736774ae5d2f4a742349fe36f86c69b11684a969c5438ab7fa2518b7b5d8895	943	patchlevel/com.google.android.mainline.patchlevel.2.xml
100644	5f9768941dc65db71b859d852b467a052ab31a96	911ab5e277ad54fbb72a81955e7a6e42d64e1ba017fd00ec0a0519bee8f7fd9f	3237	proto/Android.bp
100644	cba331ab6773732b4df6e5353bb0b3695114fc2e	b0e235e1242dfbd422f1e4e201a710ee0938330cae3af170b7e4263751b7b520	1141	proto/apex_blocklist.proto
100644	fd8a349999b010fd8af19f18315bfa030589ffc1	6fe328a24674e1402ed94b6e538aabe446638ec82c7cf1fe2ff362f5a1cf89d3	1677	proto/apex_build_info.proto
100644	28e0a75210f3f7279ce30325abbe3505da9c88e1	a7f5dbae655951ce8fd837b6ab92e14c7323c761169001f43f67cf2b532556b3	1046	proto/apex_image_list.proto
100644	9e5d5b53badaa5d225fa0978183de38748d75e9b	36b43d714e654f8cbad50bb0c65645054ba8d88385e793c58411a4ec2800e64e	3543	proto/apex_manifest.proto
100644	63a5bea56e1c4418e42e183be99730715de3e493	af8a408e334246e4dc4e0c682ba7f51bf896e8f174d423b994d5e01bdc7d24d0	1706	proto/apex_storage_metadata.proto
100644	d5b3f45b50536c466a82e6a63026a592b8128a71	f2189440089d89b898b2817c3554f8576d3e600a8f6baaf0417a73e2d0275646	1880	proto/session_state.proto
100644	8cc06f47132dbef1765398004c08344b4bc6156d	69a0f4060a414e5f1fac499241fa824728f4148d50605b7a2d8b32adedae11cf	14227	pylintrc
120000	ee92d9efc5adbd6231e48048cf7132eda522f44e	042df6640924483862f520a4be9508f43dc267bb8ea2375af72421f3f2463b70	38	rustfmt.toml
100644	b35f1d31e9439ad5d8e53c3e1170a914fdd50e83	c760d2762d9b806e186df414435e7d59be17e44b378628908906a7f37f93262f	9283	shim/Android.bp
100644	7506a97e8cf73e037d1942960246de28ba2fe578	ce1809f19f794171cad696fbbb822d0a7a4e13e38c87d4b28abf0b7e8868c2ff	2010	shim/README.md
100644	0ccf2bbc3aff8ae35ec1ab609dbe7f71d695eb6d	83b267f0c1bf857696de474fdce46e6400283f94b8409e6f4adbf540d9e6d420	23153	shim/build/Android.bp
100644	071863773c5c5d802b559e665a20137c92c300f1	a0e1506283a208b754e441c9a7209a80ef6a0b702afe149a0eca02ff77282783	315	shim/build/AndroidManifest.xml
100644	9c04d7485008e3a9100ededd3e4fbdefe5a30f75	1454501669753fc7a399b76655bb4c6660d447627f287f3f4d8445061b707eb0	307	shim/build/AndroidManifestInstallConstraints_empty.xml
100644	c0cda96f796c5e8b7737c3ce4e158e2a209dc983	da4f9d1df670a03e8223a095b49fb19b7864303286d1d0d5c5cc2a791605a56f	368	shim/build/AndroidManifestInstallConstraints_invalid_fingerprint.xml
100644	e2e6bc849e529c2cfaccbf7b566359dd623ee019	76b25d342e761da7fd50aca0176a1ceb73752405b40a5c7c327681a78c5b4e94	765	shim/build/AndroidManifestInstallConstraints_no_value.xml
100644	82955f777b3724981da9670bdacce8f7be0083e8	9ee0620d49c1f5b2b32339967c154b60648b136b7a6971713732a31ae29eb8fb	333	shim/build/AndroidManifestNotPreInstalled.xml
100644	336ca6485cdfb3e52f630e1a6e42d864cbafb896	6640a8cfa7f21d20f0faa106a1ffa33516d0c46710ce9642f9b7f898d65b3e55	314	shim/build/AndroidManifestSdkTargetP.xml
100644	d92ebcdc830204dced2259387efb542f1c830f5e	96ade7080c3cc01c8ce43e5ec6516b3aa4f29bc18fc391dfd8ca4d7d782757ca	105	shim/build/additional_file
100644	586c1bd5cf96f9358f36b37ea98fef93f4d0a8e3	495675d32e89a149d5abe191f4e9c0e218b9068714e9b53a7c91e164a0741a23	1217	shim/build/alice.pk8
100644	e242d83e2bf72169ab0abd5280d4d455caef71eb	a4384ba815b9499a5ce349b4e33c1755278873fe2eac150a068823f526e6dbde	1675	shim/build/alice.x509.pem
100644	2f72cba61738c23b119074ce4b5d560f489abb8a	fde7c30b9ece4d5ba5b1adfa1faaa0322e889bde5174388ab8d807ca1136af71	2375	shim/build/com.android.apex.cts.shim.debug.cert.pk8
100644	45aaeff5a167632a394b5d624bd07f34580badee	362f8611124a5bc94ed9bec17b50529b9b29eb9d08fdf4fc560065ce74b87356	1944	shim/build/com.android.apex.cts.shim.debug.cert.x509.pem
100644	9bc86c264d97c4b4e856d01cdbe400b39aca9a30	526c988eff8bd941be7bace2f28bd4873fa50a01bf9a886e6dd928eb28cbbaf7	162	shim/build/default_shim_allowed_list.txt
100644	48168b1d190093d62d21dc1990509f7ade4fee76	4d575cbe483acbbbf5bf5328bf98b1f13fd744e08405fd8e29414a7fb7f2a232	58	shim/build/manifest.json
100644	6653f8dacc62652e26a7d2ba9eeaec42a4fab64f	f7352e789419d6195c90a113fee87631a3558e705ec39545bfb192fabc5a486f	112	shim/build/manifest_not_pre_installed.json
100644	269f559687e659f7ff86b1779c08ea322ae09ba5	04c841ef37fdb24ed2f30058ab1b777c767c2699f92cf5edf0b6bceafefa0984	58	shim/build/manifest_v2.json
100644	5f6adfdb09ed44555ac03ea0f9c234ae802b28b5	81bf69432c57e5c33f8e42e2faf474c736a5274c8bf5f7e098c9d650e06e06c2	94	shim/build/manifest_v2_rebootless.json
100644	a4e3f019b7bf0a831b5ecd51ddbd9ae4ea44cb8e	53c3e9131136b784d833a5b020e1f16c6da0dab575f1190c7ac0a76aff93a0c2	129	shim/build/manifest_v2_with_post_install_hook.json
100644	e2a874c8a4d9f575be7e373ac3f1b0263d57c840	881bc9480165c603e6709228f27b5d35ab995fc36138e985d0791ee0284d106f	127	shim/build/manifest_v2_with_pre_install_hook.json
100644	fff7bfe2373b6520ece5518b5a26b960b9da7ca3	366139c12680b7daca5b0a3cd59c4ca5fb6b799f3482d434dbf01b0caf926e1f	58	shim/build/manifest_v3.json
100644	61e63ff0b6c912eec9a694305be502ed08662e95	f1c29bc216f3a08beef9a4efa5984996f650d2a61aab4e28f9f633964fad49db	94	shim/build/manifest_v3_rebootless.json
100644	0a0f8a9a4b7c27f0bdaa2fc2c15c62c125613d94	2194d8b9209263f065347f547be8d424995893ecf7e7c7ac1d61bd9668b65733	922	shim/build/signature-permission-allowlist.xml
100644	d7da932b442a191f497c2dd11f9a45e8434d72c7	18451d0ac06a9532a0c75f2f89544a096ebb8b2a1b4ee7357b5747d972e60a42	360448	shim/prebuilts/arm/com.android.apex.cts.shim.v1.apex
100644	d44adf6489ecfc1ae55f168af61a69ffe29cd3d9	5c91147d9ebb66c4d6e318fc3abfd51cfacd8ea276f75197f66527a2f08222b4	360448	shim/prebuilts/arm/com.android.apex.cts.shim.v2.apex
100644	cb986866033e4e714f9e825412e35228ab16b030	a6f68cbc60b2d45bdd38ab82d25617b4fbc509b03e0d66cc1e9a0e59c45acee6	360448	shim/prebuilts/arm/com.android.apex.cts.shim.v2_add_apk_to_apex.apex
100644	80254b0ee90eef9b3e602aa0059494f72876bf8d	ea62bfa785dfb4720a0fb2d6f5df24747812e06181e4acacb568df9402cf5c60	311296	shim/prebuilts/arm/com.android.apex.cts.shim.v2_additional_file.apex
100644	e7b4a4477cbe85e71e0fa94dcfcb2d9f9f221c69	2fa5e31b32cf2199113a08b5e09a489e09905e7fc35d1752c307ce477f835373	311296	shim/prebuilts/arm/com.android.apex.cts.shim.v2_additional_folder.apex
100644	13477d28d6df47e33898221cf2c0442e56bb9ce4	3a86549e0161755d455db968d12afada2c75fb76cd251730a77b9b37e1879965	360448	shim/prebuilts/arm/com.android.apex.cts.shim.v2_apk_in_apex_sdk_target_p.apex
100644	79827838488d3d396b249ee63a0961b64ce28a11	04585a3c37d508adaa2c945e6960c07e7aab8975cd2427df1c53bb37d243bc11	360448	shim/prebuilts/arm/com.android.apex.cts.shim.v2_apk_in_apex_upgrades.apex
100644	f89e7f5687fa149e3075a8cce7f7f6a9f32556f0	0613652798c24a807d601120d95f56b8e60daf8faf6e6e22a5bbaaa13315a0ef	315392	shim/prebuilts/arm/com.android.apex.cts.shim.v2_different_certificate.apex
100644	8cae64b18e59927105a785a6cc8f7c02dfebc464	11040e0bedb425311502cd45b21ed4c0c73cb731e271589f0dbf1763dabeaba2	311296	shim/prebuilts/arm/com.android.apex.cts.shim.v2_different_package_name.apex
100644	8f5198df66acf6f1a8c853a71e20f37fc1ad43ab	a3b94ce4e654e98e18355a761fce4097b31141c09ec3c2cee8a089ebbb548fa3	311296	shim/prebuilts/arm/com.android.apex.cts.shim.v2_install_constraints_empty.apex
100644	0d6db908a4e3bee0feb881ea881d461d791a9153	0d0b44f93ac66f0c82474bea8885fb0c2acde831546b095f2c1775dea6c38f79	311296	shim/prebuilts/arm/com.android.apex.cts.shim.v2_install_constraints_invalid_fingerprint.apex
100644	76f7eb8e044947e3941168fecd6915b88b81dd53	eb1d7e939fd70827dbeb62b2d6595f1382aaf619197624362623aa737540c2d2	311296	shim/prebuilts/arm/com.android.apex.cts.shim.v2_install_constraints_no_value.apex
100644	00a9d8888b69b0a8cd25bd22afa424fe5d05a54a	ad5cf8b077382c364e787a4144953d1ab7bedc7752a04413ade3181fbef809c3	360448	shim/prebuilts/arm/com.android.apex.cts.shim.v2_no_hashtree.apex
100644	a0d1d912c8defb03d229284cf8b9295e2daac2d4	82d84587997b9d0b9cebe0fd252b2a8747a7ed37fbd3f3e72c0c941b2cb311d8	311296	shim/prebuilts/arm/com.android.apex.cts.shim.v2_rebootless.apex
100644	18aac1e11d48ac6ada3e84ffbd8f22c6b04ec786	fb1acc15383e378012711f23726919463a82d51dbac035795dc16142c1f18084	360448	shim/prebuilts/arm/com.android.apex.cts.shim.v2_sdk_target_p.apex
100644	589c033c805775c8edbb7409e05e1819978ce6d7	6eff79e1d64547ee94b3cf7e52a0a3df6f9e1cab41a16cff770b326a2b12429d	311296	shim/prebuilts/arm/com.android.apex.cts.shim.v2_sign_payload_with_different_key.apex
100644	902acc131438c02462bc29c9c9becf7fecc8f765	7b6106c27141339aaf3daa9e6848424238a197b845ff6d10a3d09959b2204163	360448	shim/prebuilts/arm/com.android.apex.cts.shim.v2_signed_bob.apex
100644	44ea387e912d499c668fed8ce3e380d0159fa01e	27e05f16e03c38b300316e68f0032b876472d584fde25d54b2746933c4a3066f	364544	shim/prebuilts/arm/com.android.apex.cts.shim.v2_signed_bob_rot.apex
100644	2d9defeb45fbc4f9d98398974f6c5c017cccd7f9	22e40f176941ed79587f66d40851f6a4468406499498c7439bec22fbd323f226	364544	shim/prebuilts/arm/com.android.apex.cts.shim.v2_signed_bob_rot_rollback.apex
100644	9e84bf9e0c8b86385002021153389e82c4c6745b	59703fa325090236ee0d361d1989e1143af10611595ba913a9524235164234af	300867	shim/prebuilts/arm/com.android.apex.cts.shim.v2_unsigned_apk_container.apex
100644	c32040ff3d9b8cf8f34249cf9909cc4ae8b7619f	1ad93c68c84fcd5e82aa11ae0cb951258108409d63248aeea00d264de953ba62	348160	shim/prebuilts/arm/com.android.apex.cts.shim.v2_unsigned_payload.apex
100644	340b0e9db906837701b895a24c2538f86230546c	7777dbbf5160ca1946c512f9ffbd092832a25f7e6bb24c6859ede8e78fbcd365	311296	shim/prebuilts/arm/com.android.apex.cts.shim.v2_with_post_install_hook.apex
100644	a896ced1190ad8f40e0ac47b8bcd3bc263739fa6	c33c9c9f60297bcb721efeecd13ad59ee7f2097cb35c911e507cf1025b50d812	311296	shim/prebuilts/arm/com.android.apex.cts.shim.v2_with_pre_install_hook.apex
100644	6a018cac72598932840232171f44ed6569f02e94	23654f48cc1a653efad521e7b72486884e97de0c95fe004ce5b8a59e6e62ce7b	311296	shim/prebuilts/arm/com.android.apex.cts.shim.v2_without_apk_in_apex.apex
100644	feb9974a53b6bc95f97e1b6f9ca073c59bf4bc48	e383daa83a03fac8ff4a579ec9c5cfe239163a20436c1f7b7d3be71f42b1270e	311296	shim/prebuilts/arm/com.android.apex.cts.shim.v2_wrong_sha.apex
100644	db77342c94b79c8a392cb966a30c2432347631e9	94cd623865ccdf74fa322f748dbc6ea65d85c797e8f47607c3c696e446385495	360448	shim/prebuilts/arm/com.android.apex.cts.shim.v3.apex
100644	ef43031c1041ccf3e97eed1e1099c13a1a595d51	6a1cc7ac92e0e479cdb001ce0d8c68e5a4bb24cee63b99eb8bac418300b8bc65	311296	shim/prebuilts/arm/com.android.apex.cts.shim.v3_rebootless.apex
100644	e2fa22f19a42eb3ddb3862034cbcf1f1624a25bb	8898cc14fbca7299f83016721d171c2f86032a10134e246bec0bb292108b5d1e	360448	shim/prebuilts/arm/com.android.apex.cts.shim.v3_signed_bob.apex
100644	15e66e42ce7c75d26cd6ba462115d44b3a26d9f4	8bdc3d710d9d5db500d994d09b5cab4138b4bea59efc7a4e6442b5d1e5f33206	364544	shim/prebuilts/arm/com.android.apex.cts.shim.v3_signed_bob_rot.apex
100644	3b1d8e6e88543f223a538f7633f68ec38a869931	a9cfdb2f1796e1d9e9c427b3daf91abed80836d64440b16f44c99bd5b1eff590	311296	shim/prebuilts/arm/com.android.apex.cts.shim_not_pre_installed.apex
100644	ad4f6962f50fff7a1bbf0eaf2f49e484fafee1b0	72e4a21d956d69ae2d27856a6c8d49d5e393efb88faed44d2439edf96a42d4c1	360448	shim/prebuilts/riscv64/com.android.apex.cts.shim.v1.apex
100644	b61c878c4733dbb8c7f12c4793fdc914ad3a8580	b89550856197394ce74e41acd3021505655b550b068106905818affb3ef46ef0	360448	shim/prebuilts/riscv64/com.android.apex.cts.shim.v2.apex
100644	cb986866033e4e714f9e825412e35228ab16b030	a6f68cbc60b2d45bdd38ab82d25617b4fbc509b03e0d66cc1e9a0e59c45acee6	360448	shim/prebuilts/riscv64/com.android.apex.cts.shim.v2_add_apk_to_apex.apex
100644	80254b0ee90eef9b3e602aa0059494f72876bf8d	ea62bfa785dfb4720a0fb2d6f5df24747812e06181e4acacb568df9402cf5c60	311296	shim/prebuilts/riscv64/com.android.apex.cts.shim.v2_additional_file.apex
100644	e7b4a4477cbe85e71e0fa94dcfcb2d9f9f221c69	2fa5e31b32cf2199113a08b5e09a489e09905e7fc35d1752c307ce477f835373	311296	shim/prebuilts/riscv64/com.android.apex.cts.shim.v2_additional_folder.apex
100644	13477d28d6df47e33898221cf2c0442e56bb9ce4	3a86549e0161755d455db968d12afada2c75fb76cd251730a77b9b37e1879965	360448	shim/prebuilts/riscv64/com.android.apex.cts.shim.v2_apk_in_apex_sdk_target_p.apex
100644	22eeb3126c09d7483a51efe11ac4168582ddf121	0251bf2572eb5b01e8bcfe7d4444ddea163ebe59bd375e96082f5aa1aaeab955	360448	shim/prebuilts/riscv64/com.android.apex.cts.shim.v2_apk_in_apex_upgrades.apex
100644	f89e7f5687fa149e3075a8cce7f7f6a9f32556f0	0613652798c24a807d601120d95f56b8e60daf8faf6e6e22a5bbaaa13315a0ef	315392	shim/prebuilts/riscv64/com.android.apex.cts.shim.v2_different_certificate.apex
100644	8cae64b18e59927105a785a6cc8f7c02dfebc464	11040e0bedb425311502cd45b21ed4c0c73cb731e271589f0dbf1763dabeaba2	311296	shim/prebuilts/riscv64/com.android.apex.cts.shim.v2_different_package_name.apex
100644	8f5198df66acf6f1a8c853a71e20f37fc1ad43ab	a3b94ce4e654e98e18355a761fce4097b31141c09ec3c2cee8a089ebbb548fa3	311296	shim/prebuilts/riscv64/com.android.apex.cts.shim.v2_install_constraints_empty.apex
100644	0d6db908a4e3bee0feb881ea881d461d791a9153	0d0b44f93ac66f0c82474bea8885fb0c2acde831546b095f2c1775dea6c38f79	311296	shim/prebuilts/riscv64/com.android.apex.cts.shim.v2_install_constraints_invalid_fingerprint.apex
100644	76f7eb8e044947e3941168fecd6915b88b81dd53	eb1d7e939fd70827dbeb62b2d6595f1382aaf619197624362623aa737540c2d2	311296	shim/prebuilts/riscv64/com.android.apex.cts.shim.v2_install_constraints_no_value.apex
100644	507477251e428215d037c9e6a27df7f28bd76eb2	2ae3d35efc4487cb1e4480fcbe20736aa4854e8079d9d8cec4e0192e8ba3963f	360448	shim/prebuilts/riscv64/com.android.apex.cts.shim.v2_no_hashtree.apex
100644	a0d1d912c8defb03d229284cf8b9295e2daac2d4	82d84587997b9d0b9cebe0fd252b2a8747a7ed37fbd3f3e72c0c941b2cb311d8	311296	shim/prebuilts/riscv64/com.android.apex.cts.shim.v2_rebootless.apex
100644	44be6d60cdf3596df8481d12303f171cc01e23b5	269af50aa7c1964e31d8a817fd2ed8ff6793cb37b1bcc6df4cf70accdb4eef1d	360448	shim/prebuilts/riscv64/com.android.apex.cts.shim.v2_sdk_target_p.apex
100644	589c033c805775c8edbb7409e05e1819978ce6d7	6eff79e1d64547ee94b3cf7e52a0a3df6f9e1cab41a16cff770b326a2b12429d	311296	shim/prebuilts/riscv64/com.android.apex.cts.shim.v2_sign_payload_with_different_key.apex
100644	fa46adc66a426a32c9f02308656ee59457056c30	c62144c4b5782df443a83f910e351aec56d8e7647f264e2c069babdc7895cbfc	360448	shim/prebuilts/riscv64/com.android.apex.cts.shim.v2_signed_bob.apex
100644	b5621c57d4f3d7cab0dd2afee6077a2e7e1374ba	1b4ffd3c37b5779903841dc857996ea94a7e1a1cbac59940cdfab833aa579a63	364544	shim/prebuilts/riscv64/com.android.apex.cts.shim.v2_signed_bob_rot.apex
100644	4fa8b271013fc42ed04538c4e0ae0722f7aa2b52	9ac4b732b19e140652c76ef1b2194f220b3a2ab2868830c4a1aa49a062427b12	364544	shim/prebuilts/riscv64/com.android.apex.cts.shim.v2_signed_bob_rot_rollback.apex
100644	9e84bf9e0c8b86385002021153389e82c4c6745b	59703fa325090236ee0d361d1989e1143af10611595ba913a9524235164234af	300867	shim/prebuilts/riscv64/com.android.apex.cts.shim.v2_unsigned_apk_container.apex
100644	0a319bb20ccb8fe04684f55bd06f0788a73adc36	872e3112ad008fff6f16100900e5a4ce02a011cf1847f07b3da95497c9c2f063	348160	shim/prebuilts/riscv64/com.android.apex.cts.shim.v2_unsigned_payload.apex
100644	340b0e9db906837701b895a24c2538f86230546c	7777dbbf5160ca1946c512f9ffbd092832a25f7e6bb24c6859ede8e78fbcd365	311296	shim/prebuilts/riscv64/com.android.apex.cts.shim.v2_with_post_install_hook.apex
100644	a896ced1190ad8f40e0ac47b8bcd3bc263739fa6	c33c9c9f60297bcb721efeecd13ad59ee7f2097cb35c911e507cf1025b50d812	311296	shim/prebuilts/riscv64/com.android.apex.cts.shim.v2_with_pre_install_hook.apex
100644	6a018cac72598932840232171f44ed6569f02e94	23654f48cc1a653efad521e7b72486884e97de0c95fe004ce5b8a59e6e62ce7b	311296	shim/prebuilts/riscv64/com.android.apex.cts.shim.v2_without_apk_in_apex.apex
100644	feb9974a53b6bc95f97e1b6f9ca073c59bf4bc48	e383daa83a03fac8ff4a579ec9c5cfe239163a20436c1f7b7d3be71f42b1270e	311296	shim/prebuilts/riscv64/com.android.apex.cts.shim.v2_wrong_sha.apex
100644	5941b32748f72bf8314dd6f4b993be8f77b7f9de	773b368b5710f5c030c92cb1a68c9319a4c36c888ff61a2a822b32c703c2d723	360448	shim/prebuilts/riscv64/com.android.apex.cts.shim.v3.apex
100644	ef43031c1041ccf3e97eed1e1099c13a1a595d51	6a1cc7ac92e0e479cdb001ce0d8c68e5a4bb24cee63b99eb8bac418300b8bc65	311296	shim/prebuilts/riscv64/com.android.apex.cts.shim.v3_rebootless.apex
100644	6f65092d9607bcad58a6eb7321d87494c1d4b112	b25787454b1ebba6a26fe1e0c7f2d800fba6c22ffb13e339222ef279ffdaf59e	360448	shim/prebuilts/riscv64/com.android.apex.cts.shim.v3_signed_bob.apex
100644	1589475692b507a576e33487829807fe8588c032	d599cc455179f1e0fbfb0eb47829c180d7a3dd73641343489f469efa1794dbc7	364544	shim/prebuilts/riscv64/com.android.apex.cts.shim.v3_signed_bob_rot.apex
100644	3b1d8e6e88543f223a538f7633f68ec38a869931	a9cfdb2f1796e1d9e9c427b3daf91abed80836d64440b16f44c99bd5b1eff590	311296	shim/prebuilts/riscv64/com.android.apex.cts.shim_not_pre_installed.apex
100644	ac1371793b5155b37d0700cd37185649d25094fd	0c920b331bcd20d87b8d948ed325a47fec0534720efa4df856c0805707ab70d1	360448	shim/prebuilts/x86/com.android.apex.cts.shim.v1.apex
100644	501ca89e1ea64250e4d52c1c55c81d4e71f4a2ea	b654d51d7daf02031dfe2f325933b5ec7135407d67f3ac4e4901ec2c454cc902	360448	shim/prebuilts/x86/com.android.apex.cts.shim.v2.apex
100644	cb986866033e4e714f9e825412e35228ab16b030	a6f68cbc60b2d45bdd38ab82d25617b4fbc509b03e0d66cc1e9a0e59c45acee6	360448	shim/prebuilts/x86/com.android.apex.cts.shim.v2_add_apk_to_apex.apex
100644	80254b0ee90eef9b3e602aa0059494f72876bf8d	ea62bfa785dfb4720a0fb2d6f5df24747812e06181e4acacb568df9402cf5c60	311296	shim/prebuilts/x86/com.android.apex.cts.shim.v2_additional_file.apex
100644	e7b4a4477cbe85e71e0fa94dcfcb2d9f9f221c69	2fa5e31b32cf2199113a08b5e09a489e09905e7fc35d1752c307ce477f835373	311296	shim/prebuilts/x86/com.android.apex.cts.shim.v2_additional_folder.apex
100644	13477d28d6df47e33898221cf2c0442e56bb9ce4	3a86549e0161755d455db968d12afada2c75fb76cd251730a77b9b37e1879965	360448	shim/prebuilts/x86/com.android.apex.cts.shim.v2_apk_in_apex_sdk_target_p.apex
100644	934b24a2e24ac085baf9645b87a705ad1e3739fd	eaee00b76c02b44f4940fa309087c81d8972d794b1bc7696e6c4c76703a8a799	360448	shim/prebuilts/x86/com.android.apex.cts.shim.v2_apk_in_apex_upgrades.apex
100644	f89e7f5687fa149e3075a8cce7f7f6a9f32556f0	0613652798c24a807d601120d95f56b8e60daf8faf6e6e22a5bbaaa13315a0ef	315392	shim/prebuilts/x86/com.android.apex.cts.shim.v2_different_certificate.apex
100644	8cae64b18e59927105a785a6cc8f7c02dfebc464	11040e0bedb425311502cd45b21ed4c0c73cb731e271589f0dbf1763dabeaba2	311296	shim/prebuilts/x86/com.android.apex.cts.shim.v2_different_package_name.apex
100644	8f5198df66acf6f1a8c853a71e20f37fc1ad43ab	a3b94ce4e654e98e18355a761fce4097b31141c09ec3c2cee8a089ebbb548fa3	311296	shim/prebuilts/x86/com.android.apex.cts.shim.v2_install_constraints_empty.apex
100644	0d6db908a4e3bee0feb881ea881d461d791a9153	0d0b44f93ac66f0c82474bea8885fb0c2acde831546b095f2c1775dea6c38f79	311296	shim/prebuilts/x86/com.android.apex.cts.shim.v2_install_constraints_invalid_fingerprint.apex
100644	76f7eb8e044947e3941168fecd6915b88b81dd53	eb1d7e939fd70827dbeb62b2d6595f1382aaf619197624362623aa737540c2d2	311296	shim/prebuilts/x86/com.android.apex.cts.shim.v2_install_constraints_no_value.apex
100644	0e18538eef4b822eb356bbabd842c9dc01d0b38c	3723dda421c07569886ce4e16570c429177891e8d2142c7a773f0aeeb97f364e	360448	shim/prebuilts/x86/com.android.apex.cts.shim.v2_no_hashtree.apex
100644	a0d1d912c8defb03d229284cf8b9295e2daac2d4	82d84587997b9d0b9cebe0fd252b2a8747a7ed37fbd3f3e72c0c941b2cb311d8	311296	shim/prebuilts/x86/com.android.apex.cts.shim.v2_rebootless.apex
100644	3281c38401fca6c9ce427ef5d7f65ad2f2f2f24e	8d0c9e31822d0ea98c44f7531df847e3a3ee7316f14cefe760859ebf5294d87d	360448	shim/prebuilts/x86/com.android.apex.cts.shim.v2_sdk_target_p.apex
100644	589c033c805775c8edbb7409e05e1819978ce6d7	6eff79e1d64547ee94b3cf7e52a0a3df6f9e1cab41a16cff770b326a2b12429d	311296	shim/prebuilts/x86/com.android.apex.cts.shim.v2_sign_payload_with_different_key.apex
100644	78fb4ec6ee04c44a59e8f2db8fdc83add53049b4	1a0304c454ed2779bb2c4ac27fb4d8897f55583d5383cc7569b6f18fd44c353e	360448	shim/prebuilts/x86/com.android.apex.cts.shim.v2_signed_bob.apex
100644	7f3aea1cfe72eeb8204675f09300add18bda0a1d	d43b1413b60da58da945ab5095d6d6d2fd31c78488a3f709935bee6da6cb9c1d	364544	shim/prebuilts/x86/com.android.apex.cts.shim.v2_signed_bob_rot.apex
100644	62cb0fd034795c0b4586c0c6134b550b6faee46e	89d8d47532a7906ba37bb645f4d872778365b96cab85d6b9b7f2c805ec1b9288	364544	shim/prebuilts/x86/com.android.apex.cts.shim.v2_signed_bob_rot_rollback.apex
100644	9e84bf9e0c8b86385002021153389e82c4c6745b	59703fa325090236ee0d361d1989e1143af10611595ba913a9524235164234af	300867	shim/prebuilts/x86/com.android.apex.cts.shim.v2_unsigned_apk_container.apex
100644	bf81de889ab8c60a4b52d28d28d35d7db9a181a4	eccc88b5ce2bd9af124db9f6f67cb344b707c12057808b7e6270867aab8ff5ae	348160	shim/prebuilts/x86/com.android.apex.cts.shim.v2_unsigned_payload.apex
100644	340b0e9db906837701b895a24c2538f86230546c	7777dbbf5160ca1946c512f9ffbd092832a25f7e6bb24c6859ede8e78fbcd365	311296	shim/prebuilts/x86/com.android.apex.cts.shim.v2_with_post_install_hook.apex
100644	a896ced1190ad8f40e0ac47b8bcd3bc263739fa6	c33c9c9f60297bcb721efeecd13ad59ee7f2097cb35c911e507cf1025b50d812	311296	shim/prebuilts/x86/com.android.apex.cts.shim.v2_with_pre_install_hook.apex
100644	6a018cac72598932840232171f44ed6569f02e94	23654f48cc1a653efad521e7b72486884e97de0c95fe004ce5b8a59e6e62ce7b	311296	shim/prebuilts/x86/com.android.apex.cts.shim.v2_without_apk_in_apex.apex
100644	feb9974a53b6bc95f97e1b6f9ca073c59bf4bc48	e383daa83a03fac8ff4a579ec9c5cfe239163a20436c1f7b7d3be71f42b1270e	311296	shim/prebuilts/x86/com.android.apex.cts.shim.v2_wrong_sha.apex
100644	d31a0b0dec31bbe5ee516046e712de17965aeedd	3194afae472c5428d61ab4a2251bed93c6b4fbaab50f21e400c2365759ba7be8	360448	shim/prebuilts/x86/com.android.apex.cts.shim.v3.apex
100644	ef43031c1041ccf3e97eed1e1099c13a1a595d51	6a1cc7ac92e0e479cdb001ce0d8c68e5a4bb24cee63b99eb8bac418300b8bc65	311296	shim/prebuilts/x86/com.android.apex.cts.shim.v3_rebootless.apex
100644	25a8f1cd1afadccaf3f91c655b7bb990ffa6aaf7	350a20e6f838e184c045b0ff32ef54f9363f06f1ce73c644dbbc81b6a7dae778	360448	shim/prebuilts/x86/com.android.apex.cts.shim.v3_signed_bob.apex
100644	e7be240ab518479b8512f9a0c3f002f7c8e0c935	ac6b134b4d1b12f486fa7e835fd23e6153440eed838df563e95e24c4db3b1535	364544	shim/prebuilts/x86/com.android.apex.cts.shim.v3_signed_bob_rot.apex
100644	3b1d8e6e88543f223a538f7633f68ec38a869931	a9cfdb2f1796e1d9e9c427b3daf91abed80836d64440b16f44c99bd5b1eff590	311296	shim/prebuilts/x86/com.android.apex.cts.shim_not_pre_installed.apex
100644	f6cb8ad931f5442a5e2276ed66ba7b5a733b82c6	51977317b1771c3789febc994d1072092996de145e0f588a9ed6fe8deac2cbea	21	tests/.clang-format
100644	71de7afc24d5598b18bfad98a935dbcc5b530d5e	36b0b3ab823ef4e792c9435ce31fd2acdff6e53525eefcaee84aef596854d0b3	10008	tests/Android.bp
100644	880c9457d12fcbb096d4a3933ffb7757906995d5	e97c171ff3e2bde204eba4183989f5d06cbba5fa7358a799656aba13127bb833	83	tests/OWNERS
100644	ae42641f3c5c6d5392fe97baf91f16072d9fef80	ea74f430d66fab8e2b1f78ba69ab144a687a73dd2cf90aedba29b13e1345b014	46	tests/README.md
100644	28e9262768a1ba9df74f64034072bdaaf72b14da	623b40c36e5a128bb365929db8ac1756714bf2d8e3cce0fb0885ff41feaa91e0	1024	tests/TEST_MAPPING
100644	aa47a07232e45ccb5c68b0b038ce292c08d2160b	b1657112adbae71c77f2a85281f042cb98f251707b03f32a6b18b213f176e358	1544	tests/apex-revert-tests.xml
100644	6862720c947c181111791d411c9753dad834cacc	9a36b2940cf4c519ffc3377a10ff23797a79e59223bd18396d470fd4d7d273b8	1292	tests/apex-targetprep-tests.xml
100644	a837fbaddbc5b4c5b227a694dc0bafdaf41cd67e	bc1592953463f96c515d925f16b150fb9486382595a16c6437ae8d80cb175eef	1657	tests/apex_compression_platform_tests.xml
100644	06613cc8e6fb6308111bfb41bf0c0b782b8844f5	dce0bcc4d20a83ee78cba70e2eec63ad27a75438ad0b2672c90b0e96c49fbc88	1077	tests/apexd-host-tests.xml
100644	baa00b622c9ac158d4eeb804eca58b34921641f5	2660cef0d7328a38dcc5bc2b73ab37cb8ef5e80f82e13bf513e587ad868b52b5	1353	tests/apk-in-apex-tests.xml
100644	428ab69e4c0fb7ffea2c97e988495627d11b89d8	94234b770a60d682b8e5590cfbc55517e3483fe0469c95a5c2bd1d3373f65e2d	1341	tests/app/ApexCompressionTests_AndroidManifest.xml
100644	59e7fa987cf4e15d3ca02dd1018c826582ec1b4c	8349930e68aee0a54f54d0b39c7ad1b0bf57b03ae60ff3c80372a9362540e28b	1337	tests/app/ApkInApexTests_AndroidManifest.xml
100644	1aec1509a3b35e2b00f85c5640927b98b305213b	e47d35ed743a038134d5df45ae928cc1aea127b469fceed702b94ecd308adc85	1202	tests/app/MaxSdkTests_AndroidManifest.xml
100644	de4149a6a14a356440acbb2946204bedb2d6adfa	478ec47bbf4241da8f71b8d72b25e6b63e449a8bc342cb2b0753a0a14d279975	1318	tests/app/VendorApexTests_AndroidManifest.xml
100644	a948c7a4dbce9924bee651d8843dec80ec78e300	c622121045fdbb0337f19d262c5f57fa0f45f90956fa80f3caad86cab2723edf	1532	tests/app/jni/com_android_tests_apex_app_ApkInApexTests.cpp
100644	bd18e3a2f06d80d891c7f363c386f6b58a323d84	9f2a6d524c76ecc0f59f287f59e70407d7a9d55d91ece3d49613db09d3960716	6744	tests/app/src/com/android/tests/apex/app/ApexCompressionTests.java
100644	f069378cd83b4824a2dbff304d0d3e805d59eadb	11b526fd17c7b461843f9048237c8dc40bda5918ecf412b1d2968f3b1f79d646	3137	tests/app/src/com/android/tests/apex/app/ApkInApexTests.java
100644	e1490225156e006c3f8d631d96cc7fc8ad225c07	3c7984db8d796ca2b8344361c6553733984fd690ad3fc34111707a108aa6ee5e	2645	tests/app/src/com/android/tests/apex/app/MaxSdkTests.java
100644	003a12fc4928f9c8f6291269522a7f74604ffe58	6ba10172a360df1a1cf466a9266a874f35f3eb039d7168636de7c38396c42e2e	8767	tests/app/src/com/android/tests/apex/app/VendorApexTests.java
100644	afc1ef8da045873d9bdcab88e45a31656e628a26	ca5b6897ccb9b7bb8d4c9c0f77ae5532f6dc236894abb55a1289a19f646cb487	1430	tests/max-sdk-tests.xml
100644	255b1792486db9b6edecbcd763ff6434352ea18b	336c0bc37b6e03f0fd55f960f414497045895a2004b64ef2b11ba44df2f75ef3	1157	tests/media-e2e-tests.xml
100644	c88e6a587fee2db1c19babf5352e278a6bb68a33	06a3a1516a4f28772bdb455ed2de0f372cd72c0225e743965146978e8ee5c4e4	1190	tests/media-swcodec-e2e-tests.xml
100644	cc7d1d3b9de44914972b35c5ea27bb4e3bf092e7	59e5ddb3dfb3b195bd02af99a992832cf803ce8f76a421b6dc138e0e36de2aa7	5137	tests/src/com/android/tests/apex/ApexE2EBaseHostTest.java
100644	26a5dc65071db7c590c178abf64e0e7062e295c4	2d3f835d8b6f17dfed2a332be3b664da7e1b0091436a46e2536ff882d8fe8ac6	19754	tests/src/com/android/tests/apex/ApexRevertTests.java
100644	1a7aea48662822f6f9f136fea79eaf7f9d185777	4ecf2e36b7c8fe73f4b7fcedc78169cfef28593220659314b061eb770235131e	1312	tests/src/com/android/tests/apex/ApexTargetPrepTest.java
100644	edfd90182f7dbd93c48c87daac2546aa95d36dd2	8c38fc40654fb8cc765d649b73b70ee47df2c77a41d603d6a257fd92605c5e80	19716	tests/src/com/android/tests/apex/ApexdHostTest.java
100644	5e62884a3abd82a461558a8438ae3579bd53dea2	fe68a03d8404a372adc56799e68fc1ef60071069d3bec2aa57c4ca24e2a259c7	3755	tests/src/com/android/tests/apex/MediaHostTest.java
100644	8c90b019602e68003a6c34427010f815f509d74c	9f24bc05119156ee586b68498dc62c4c31cdaabfac2d0108d001b88a7ee90ea1	2519	tests/src/com/android/tests/apex/MediaSwCodecHostTest.java
100644	02baaec95e070841f97940e1d653dfd047c32a0c	912174ab53ca7bd30296e257bf98b4582e42e8d33feb0b6372835145ec2ec33b	3830	tests/src/com/android/tests/apex/TimezoneDataHostTest.java
100644	9dfe72143913f0c345046ea662088ffdf01dc7ee	d6b6df7a13a5e8d995d6ffba3ee755080b70084c8ed2dee559b05d55f5e797c5	20285	tests/src/com/android/tests/apex/host/ApexCompressionTests.java
100644	53732d817fd534356a607f207ed846bfa0184f31	d15bc147d3fb25c532bb4a9700ee7b93ca8b2412664140ba8713c1f15e0dc2a1	4285	tests/src/com/android/tests/apex/host/ApkInApexTests.java
100644	d6eadb11c885416ba35940cf5a9887180f6720c4	3789b3797edfc0abf88fa2f554c24f37e1bb73773cff00dceedd51498f877215	2440	tests/src/com/android/tests/apex/host/MaxSdkTests.java
100644	101fc65b896e7bd073f08b88b1b5dd07ec993f0f	5bb59c29d4b1c9242735567268c19641bd86d802a901cfe675c1b41cbeaedcbd	8917	tests/src/com/android/tests/apex/host/VendorApexTests.java
100644	e7c5c029d7a4fde14dede5bab6be830920916d10	338efcd72026fb24cdc7592ad89e74bb888aff4dbb8f01f3d78a7e30b66aa500	1115	tests/testdata/AndroidManifest.xml
100644	77e18e09c302449310f6672615c5a7c10a30cc9f	6b7dc62cec830862096a198f30db2788296906ab37ed1bdd7d9f18f9369c8e83	54	tests/testdata/apex_manifest.json
100644	8765777fdc38be63bd9bcb8ef9f48417ac1e67a0	afc83bd434990c16fd09b94e4a15a589a43fb67936c85b2f9d1a14eb9daa3f2a	1628	tests/testdata/apkinapex/com.android.apex.product.test/Android.bp
100644	d9aae58197b9eb31c09cd605d0688fca91cb17fc	9581332f4ceb217d643c87a5045ca603557f34543436fe961f0fbb1ad33f2edc	873	tests/testdata/apkinapex/com.android.apex.product.test/App_AndroidManifest.xml
100644	839d0581fdf80505c0412e62a3b4cf1a238e4ae1	2fdb221ca2d5cf6a1b9c368797f321fc8ea3000608c378e58182173c1987b0e6	874	tests/testdata/apkinapex/com.android.apex.product.test/com.android.apex.product.app.test.xml
100644	bef1df60203506435ab67f4dc241d0130109144f	cc615fc0099795eedc998a951dcc7a4a923539f9a7a3532f4e288b965e0f2ad1	1032	tests/testdata/apkinapex/com.android.apex.product.test/com.android.apex.product.test.avbpubkey
100644	e3d0e2320acca521eacb2f6ce80f6c3948ce3b13	6a57ae2dfaf6f172c994b64c4c367f2a858d925b2d00ead2ca621fbd9cd6a8b7	3243	tests/testdata/apkinapex/com.android.apex.product.test/com.android.apex.product.test.pem
100644	a16e635de63f3cbf2a0a5ef2c78753f066f8db6a	6da0616a8255d9eee1024c750b503e12dcc043385965f0189c9f5c16afdd08e8	2377	tests/testdata/apkinapex/com.android.apex.product.test/com.android.apex.product.test.pk8
100644	44a650635908ce76385ac89a9f78ecfa1da3befe	0ed555e238a6790e2f28d952e7fd73ff1c5306e7876aeb210e195061632975e0	2098	tests/testdata/apkinapex/com.android.apex.product.test/com.android.apex.product.test.x509.pem
100644	59a9184c1e09475502b17fe977eeed400c8d8fc3	ff7c5892ce81ee669c977e9f057b68c5e1da0af9724391f27d6fc7d3413e9869	62	tests/testdata/apkinapex/com.android.apex.product.test/manifest.json
100644	7b88a5cf598ece9f4114f5157eded14227d21e63	8c29a71a1f67d56562f20d1c44bb5b5a15e721a5554ef5adfc6f6ee16fa4ce6e	1616	tests/testdata/apkinapex/com.android.apex.system.test/Android.bp
100644	b9904589618c82d4980861b8f499dab8e8783a8e	3db54b8dfd16a1dd2bd126892b30b6084578d284019656d8c1ff6bb93f27fe4b	872	tests/testdata/apkinapex/com.android.apex.system.test/App_AndroidManifest.xml
100644	08f48439b9633619a6a90dfc80acea54da528cc0	db629d40ec29adc4dbf678b203e3dd1415e1cc5f9469d1ba10bf13242d6de856	873	tests/testdata/apkinapex/com.android.apex.system.test/com.android.apex.system.app.test.xml
100644	ef0438e6e1fe1bfed1fadd1f56ffa532328e6e48	9b48f87b2a9ed0ca8096f1b145270bd3ef46cc7602a2bc597351fdf95f4be6c2	1032	tests/testdata/apkinapex/com.android.apex.system.test/com.android.apex.system.test.avbpubkey
100644	2a70c45571bc8e6a8e5491e10c30bca2a61a959f	5e91ec05d59de635599d6fd837526832b8567c265c550591e330b68c073e3f4b	3243	tests/testdata/apkinapex/com.android.apex.system.test/com.android.apex.system.test.pem
100644	025f2cd5d34f599a84305af9432abb8d1c0e3628	47b434a2892aa7ada7e10fdee8e7d30050bb832c77a7f308665c2dd3489df70f	2374	tests/testdata/apkinapex/com.android.apex.system.test/com.android.apex.system.test.pk8
100644	3c7bb6f59ba63a84f5f7effc97770ae6f009e93c	687c32449f2047dc75ecdbf089170d9918b61a919db6a3a32cca67cff0b9c9e5	2094	tests/testdata/apkinapex/com.android.apex.system.test/com.android.apex.system.test.x509.pem
100644	35c429fad18b7900a9a6363d0775bb7cb843fbdf	e444d930a7104cd0bbac95b7e468ffbe0a721876a99afea770f53b0f924f73ae	61	tests/testdata/apkinapex/com.android.apex.system.test/manifest.json
100644	b328ba0a1816303349ef4693a0a5a821bdda8f08	97ca4ab787245be5c69d0de881b93109eeedbe894441a869bc7d7f56b4bbacc7	1664	tests/testdata/apkinapex/com.android.apex.system_ext.test/Android.bp
100644	08e6e8daae59a3992d5cd955b84c4fc8f97f58b2	d3f0ed691ca7cd9e66245072c8f1ae34168efffcbed4efba148cd06f33220248	876	tests/testdata/apkinapex/com.android.apex.system_ext.test/App_AndroidManifest.xml
100644	c7da76f7ca5ec9f58c7505cfaa67dcc354f30b28	fb04263301f4aafcccd03f46612605ae4fe72ae01babf9a45f6d38ef18251a32	877	tests/testdata/apkinapex/com.android.apex.system_ext.test/com.android.apex.system_ext.app.test.xml
100644	0d978b8d7e36dda651c201d27824359ef31c40c5	b958aed0980ce9df187c7883a46966450a9eceaa5e6ecc8034c36fe8fcd8ba81	1032	tests/testdata/apkinapex/com.android.apex.system_ext.test/com.android.apex.system_ext.test.avbpubkey
100644	fe56f0bb08ea62220738fb1e0dee6ffa7d6b2496	95181828ea13cef122a4fe85c95b88832d38ef731b0a6618e8e77be0e5fd7f8c	3243	tests/testdata/apkinapex/com.android.apex.system_ext.test/com.android.apex.system_ext.test.pem
100644	e9b17b5857fb582379a1dfc725b155d246ce0d6d	ebce79f4c63555af4a5479b2c4e8abf88ef6b140afebf41439794c15fafa2622	2376	tests/testdata/apkinapex/com.android.apex.system_ext.test/com.android.apex.system_ext.test.pk8
100644	516effd5b82bb03d0985ef601bda7d3c2230c6ab	d42f9bd7e78aa613cd588fb8dea5417eb3c688af78b8ca856b42141fdb9d9d33	2106	tests/testdata/apkinapex/com.android.apex.system_ext.test/com.android.apex.system_ext.test.x509.pem
100644	2249493edd0e31ba2427fd22aff3ea985f9bd9af	7e1138c551a1d0ea9f2f81f1334ca2fbaf9e74d396449cb1115d1222e493cb6c	65	tests/testdata/apkinapex/com.android.apex.system_ext.test/manifest.json
100644	85eb74700322ebc49fd7bb3913cd98eceeccad18	781190bbd730e05a64a3a65af4a0f9b12158ee104f731a5aa121e7b966567d8f	1616	tests/testdata/apkinapex/com.android.apex.vendor.test/Android.bp
100644	1b3df04fa8d4c12e2feeedfec87bc3833e827be5	578012481933a654768db5896a2a358ff36a39600e8c5b07d182111a6991854e	885	tests/testdata/apkinapex/com.android.apex.vendor.test/App_AndroidManifest.xml
100644	6c68a2bc12c6b617092bd94fcd44e0308f65ca46	cb6bb64078c6fd4dcbac7764e55c5c427f0f1236e8c44e650ecd99e84c0cd525	886	tests/testdata/apkinapex/com.android.apex.vendor.test/com.android.apex.vendor.app.test.xml
100644	3ad68fca5812b82930d8da4c1044ed8388880672	b38344a7b5c3ec6f98a7c66286ddebe79dc1dcd446d013f3b7f898bc35d822a6	1032	tests/testdata/apkinapex/com.android.apex.vendor.test/com.android.apex.vendor.test.avbpubkey
100644	686044f3afe5ebe6159a038de9c595825c05235b	1e20fad21310560012be895ed3cf1fcdbfb52bf797df98f8e2cb32e92f90c668	3243	tests/testdata/apkinapex/com.android.apex.vendor.test/com.android.apex.vendor.test.pem
100644	318020bccb12917be8fb9daa0735efe34bbdf10f	be4c7c09a051d41252846016859326b143dea7f59e2970a15532fae86419937c	2376	tests/testdata/apkinapex/com.android.apex.vendor.test/com.android.apex.vendor.test.pk8
100644	048a4f85c2e63c13870436417382329de063fadf	3917c3e1121dcb3a655e5d21fbe478af553065c6f445bd43089491bdc3c306ff	2094	tests/testdata/apkinapex/com.android.apex.vendor.test/com.android.apex.vendor.test.x509.pem
100644	7cbe6f96b4dad6de96d24932402dd63c671e57d7	849aae9b4367dde9094b53a8bcea5610ec28b1d7ade9f141791cdb3581c81e65	61	tests/testdata/apkinapex/com.android.apex.vendor.test/manifest.json
100644	28bc8f71e29bd006aa9cb0598c4aa1420069a7a2	263e18c30ba1a23e9cccf72cd7d823b47504abf5bbfec2ea2f95a6622104d5fc	1032	tests/testdata/com.android.apex.test.avbpubkey
100644	bd567789b251ed5d66551610361208a7612f533d	df7b3b02c3c7df290846947773d633ffda9b533490eee6db113493dd8cb6b8b6	3247	tests/testdata/com.android.apex.test.pem
100644	4e89f44463cc653191d71a6f92a49c73f30d89c7	4a5adc2c3dfd88053fb6e9eafcf49607013b879662f7667e2c5196babe2da878	654	tests/testdata/init.rc
100644	d70bf0e1722bd132252f12284a9c3c3a5bb794aa	343e3b21228b34a33b9eb49e48d1a559cdc3cbe3fe661eebd10f348fc1d847a8	3556	tests/testdata/ld.config.txt
100644	6b3ca97f26a24db50a9e71b7060b5e599ad7ca6d	3e0f95fb77cec2ef67d40ec72affcd3bf374ac71288359d3d241da0eb6bc81f9	1080	tests/testdata/maxsdk/app/AndroidManifest_normalApp.xml
100644	29d15f00e250c25aae84b813ec3cb727a947cf10	642e3b8b7fe7ba13dfb1f50c7f7c8366e057892a3398993c8f94cf4ffc80b0d5	2160	tests/testdata/maxsdk/com.android.apex.maxsdk.test/Android.bp
100644	c7dade9e751c95e63badd30a33c031a436b86c98	5d0fe888b7a46e50533f95e00f766efe60e76a30e7279ab78e29acd81dbdf45f	810	tests/testdata/maxsdk/com.android.apex.maxsdk.test/AndroidManifest.xml
100644	4439eaf5c53b6d72c7095ee88db04fe1075a73f1	8c2c94fc23fddd6578bab2a41f0acb26a7ca5c56e730ddf6e9d2d764a6c4c386	859	tests/testdata/maxsdk/com.android.apex.maxsdk.test/AndroidManifest_withMaxSdk.xml
100644	d22bf666465d4880a74af1287c2cc0e268339123	82bdb75f5515aa7cb28b80078e22adb09dd23cf97ff13e385139b58d1349204f	870	tests/testdata/maxsdk/com.android.apex.maxsdk.test/AndroidManifest_withMaxSdk10k.xml
100644	f4af547c174315194b32d54eb1417fae2a7914b1	51d8519ce1f165602d81a3425dd7e22f26f1d3e02f67e86ea1350b31e5351303	1032	tests/testdata/maxsdk/com.android.apex.maxsdk.test/com.android.apex.maxsdk.test.avbpubkey
100644	dde5fd2dbf00f7c1cda70bbc03c1fc3ddd9f5fc4	bfbf3e319d8ca956683e6f685c43ba48860f8a393f1dd01e43a209943480dda8	3243	tests/testdata/maxsdk/com.android.apex.maxsdk.test/com.android.apex.maxsdk.test.pem
100644	12d79664025d090e8590a0f61081ac35c4dba5b1	b1a4e3f1e753a692f953edccd015ac5a1459d625c1b2c92c3a09ae3a6483b07a	2374	tests/testdata/maxsdk/com.android.apex.maxsdk.test/com.android.apex.maxsdk.test.pk8
100644	b5dae43aade592c7166626d2ad71d2f5f798668f	e451c1676452c0f8dbf5ec16eec63448fb77de52ad499ef3a320944d0e0456b0	2094	tests/testdata/maxsdk/com.android.apex.maxsdk.test/com.android.apex.maxsdk.test.x509.pem
100644	25e51f090ad83048837b48d060a1e5c3de0c9e92	e3c651b30d580620039ce45e21219f3581d0b001c4b03c53aa48d74a6fbc1e55	61	tests/testdata/maxsdk/com.android.apex.maxsdk.test/manifest.json
100644	e69de29bb2d1d6434b8b29ae775ad8c2e48c5391	e3b0c44298fc1c149afbf4c8996fb92427ae41e4649b934ca495991b7852b855	0	tests/testdata/sample_prebuilt_file
100644	adfc5896b97429b9ad77cf7a24c0edfbb5be8a50	8aa57b2c05318dbc454b1e370cdd0369a30b16b4efbdf68b470b69046f212a85	2375	tests/testdata/testcert.pk8
100644	cba30d61b840bb547713035db8f9f2d9a3f6d54d	e44f7f431177ccb32bee503debbdf8137ed7c4a0ba6cdca465b7980d827b10e2	2143	tests/testdata/testcert.x509.pem
100644	89531b2d26517aebf643963dd4ee118b84327be1	d3fe0ac1c6ab9c0e3fe0f51ea0ba44e8db460f0ab8b6cfea7577540069d9e748	525	tests/testdata/trigger_reboot.sh
100644	8295a7ecbea0b9455fed64c44573eed581a0687d	29f679526433ffe4ff48874629f8d4004d8735cad69ceec631d09970e44aa198	2314	tests/testdata/trigger_watchdog.rc
100644	9e03c7d510927e079f699d8beda12fd7db6ae800	6d6f2ee7a05750b9644eaa8ee3be66212c7e763bf3e7dcaaf2ac5e9e3d2de8e7	824	tests/testdata/trigger_watchdog.sh
100644	c3bee5cd2621be3858cb3df269a8d3e5f7fc0410	4a5120d4ed2d1870dc032aafab8cad5aded12a2d1045999ba60c750c7ec3d912	7281	tests/testdata/vendorapex/Android.bp
100644	2bc41980ff878a767e4b523053884884a4b38cdd	cd547df96d945c92ad36e4bbcddda475580104da9a5c2cdc6ff2267fc626d770	106	tests/testdata/vendorapex/apex_vendor_foo.cpp
100644	cf1542a36a82810b239f8672b55126575a799138	b979cd231a9a54983c98a9a6debe404fc80a7ada5f1e844314e8a6777cd69e06	112	tests/testdata/vendorapex/apex_vendor_foo_bootstrap.rc
100644	5c8762908d41324e7a963cdae6b15184a9ba059f	98df885a6d377dd0390454a8be3d00c708d1d75c3381c3cc17c88e255e43745a	646	tests/testdata/vendorapex/apex_vendor_foo_test_binary.cpp
100644	f159691e7b7f5ab37a2498b8936ccc58c13ef373	6315315c9abd4bee45019a554541244dc381cda5766d0d1ba00683b7bb624373	260	tests/testdata/vendorapex/apex_vendor_foo_v1.rc
100644	087bd73f8e27123740955b9d1c24d662ab38751c	c066e511f5492daf6d9e529486e1bc07d457cf2ef5b27911c155ed4159393c91	260	tests/testdata/vendorapex/apex_vendor_foo_v2.rc
100644	4c725008baa6b80f171cd82084c0955dd5c90c11	a53124e43ec6600475287cbe72f4aa3f5823c9a14fc299a52044e50c1c716af8	164	tests/testdata/vendorapex/apex_vendor_foo_v2.xml
100644	53fd6bb8524235009ec01aeb45634f12d9640835	8a8006b6c8b4e2e0f2990c79a5faa81e8980eefb5738ae17cbcdca30cbe13225	1032	tests/testdata/vendorapex/com.android.apex.vendor.foo.avbpubkey
100644	e8f15f8f6af6a6d1b36ca8f327ab4d3811398d25	03fb1edc1b2829cf39ea4489cd93274a4a79a3d17fd0c721141650d5818ccd26	3247	tests/testdata/vendorapex/com.android.apex.vendor.foo.pem
100644	00f68c1ca5d84c32ad065c506b3d6af24c00800d	f1dcd63b2b81254f2357bf0fbc0faaf3923e421ed5acbf4e1775d00d1173eea7	2374	tests/testdata/vendorapex/com.android.apex.vendor.foo.pk8
100644	e7be8f5ae9f0d9548665410ba1e8141ad9aa5f54	55a84e74a147075539f4b96632a4078589c5f7b5821993a41009fdc72a04daf3	2057	tests/testdata/vendorapex/com.android.apex.vendor.foo.x509.pem
100644	1b513525f47dcd7f3c00eb5283b60a38f2739152	ced02a1071d7e96e8bc3f57d26cbc2a3dcc27dcd18b17dc223a4e9f36c3a0c93	146	tests/testdata/vendorapex/file_contexts
100644	4e4c288ff8df4a717aba38126be42fba69ed48bf	3dbc7a9f21a6cc96ebda2667fd96959d8e6859bf811cc2f49df9ef502e7eae1c	80	tests/testdata/vendorapex/foo.apex.all.ready.rc
100644	259b6824296f0b27babfecac3ba04ea8ddb6fda9	b49a9cadcf0c4cc4b91814df5fe57780d78a8aace0435a4e6705358e7a2559cc	64	tests/testdata/vendorapex/manifest_bar_v1.json
100644	93f4cd865a15d72f282820858c15876b54061d20	a88a368e10d408d94b026808e2760f289dd65d9473ff685364736cbedb3a25d5	64	tests/testdata/vendorapex/manifest_bar_v2.json
100644	a470f153fbbc02ce960631d803475ccd9a628c63	d2dcb693f2ef9f0dba7891fa5e73bc1b0b5def4a64c8609e096f996fd17e7e03	87	tests/testdata/vendorapex/manifest_bootstrap.json
100644	bada5e0809729ed999bd0682443ff9d42566f22f	62e388b4bb2b20af7b498ffebc0b3291f7678dff4f4daf00a8a648d3c198872d	60	tests/testdata/vendorapex/manifest_v1.json
100644	e64c3a80df855cb79bcb0714b3946c62fcab4bca	7ec1ed1d2ea6172872778cb4d37ad83e2526e51029883421233906467e1f073b	96	tests/testdata/vendorapex/manifest_v2.json
100644	a68fea5202c90dd9243eaf25731155b43ee53302	4f52bf70d985d883365d2ef1f6a7dacf5dff226e6c399ff5b1945ffa52d74e4b	615	tests/testdata/vendorapex/vintf_fragment_wifi_bad1.xml
100644	80c451d3100a6a6e107d6a76babd9ab1dfb241b2	d8110ccbaf4d682653e7783a64401beb642bf7e8f1474742a6a51a684eddd6aa	579	tests/testdata/vendorapex/vintf_fragment_wifi_bad2.xml
100644	871692959d1b4ee7e2ff00e25751dcde667f0e53	5410078d400cd3d7115f57b10e10b8ae055e302fba3249a96fcb9a00c8c50fa4	524	tests/testdata/vendorapex/vintf_fragment_wifi_service.xml
100644	04e8a62fd655456c0bbbce855ee4b42c34f128c5	43a366406ecb0989262f9cb8aa98e828614cc09a1f9179e49ee03065133bd07b	240	tests/testdata/vendorapex/wifi_file_contexts
100644	bfa46d481381483edbab065c27f7ac164557678b	e2afd21ed96bcd67007c05257fc15e43c16c1bf929ac8d0965bd4b261d056241	94	tests/testdata/vendorapex/wifi_manifest_rebootless.json
100644	480ab632f753eb70b6d55e7c7cae5592b48da40d	8419deb73df1e1d05bbbca73a2a5a7ba7c2b031b8f2812d9e6351cf3ef6e4d5b	1192	tests/timezone-data-e2e-tests.xml
100644	74e9e51f93ff16a47c233c81bcfe4f644fd3f879	d37e174d2f9570b2522fc43010b5cb0346a4ab3cdc4f072a808ba3a0146be929	1682	tests/vendor-apex-tests.xml
100644	659a4597eed39952d51f5d3966d11a45177960d0	122b007bd5c5d6a1bf23d3eeb03f32015c3de6f29beea97488802d853f6f4b86	1045	tests/vts/Android.bp
100644	49114d78a2ee8077e7233d291d894d4977e24b4c	7c5a4fa60e46b38f0f10a545006276106174531a9d2a4bd812663de12f022b09	2672	tests/vts/VtsApexTest.cpp
100644	f6cb8ad931f5442a5e2276ed66ba7b5a733b82c6	51977317b1771c3789febc994d1072092996de145e0f588a9ed6fe8deac2cbea	21	tools/.clang-format
100644	5e6bb04e3ea18d6791425d9665a312ea9e4985ba	9a1fa96b764f6fc6f236f1f42ff4a7085859dbe986adcc9f41c409f061430bce	3412	tools/Android.bp
100644	5cb3682d571bb3b8ed3ca12f0063d6201f1b0221	fad74e171f57ccdbd2c70c861fb6492e031b85ca79db394eadd297f14d1e3085	1535	tools/apex-ls/Android.bp
100644	2d518916e1010152b94bc54ab0c2e4190852cf32	f88087b7d3518135950bc413ffa9d0fed83f2d2134642734f60f2b66d80db8e5	3815	tools/apex-ls/erofs.cpp
100644	183cfb7b2a04b7b056c5bbae15f5bd8e6baa4340	077b1a25a0ecfcc483dd0608c344e1f3bd71be0b1251d9f15f5bfd626a2fe645	776	tools/apex-ls/erofs.h
100644	08aea1a574947a2b6a7c98f2bfc521a6ba251850	91e1696d9546df1e8e2fd300d56c76e74b5308f92ead38cd99288e64a1f8c018	4519	tools/apex-ls/ext4.cpp
100644	b683465149d0a567aed7506aa17784b18655cf73	e636387f056ded21e4491903438aec402782c5b9aef25d1a3fb675ad0c82afaf	775	tools/apex-ls/ext4.h
100644	ac8b449384d988e4cf78d5b7a494482c25db11f6	7586ad453a524aa692dea3c5c6995e3bc87ad8d4de9f224a2221d7aebcdf0ca8	1885	tools/apex-ls/list.h
100644	291486a34b2408815a192022f6a9865f1e8aff2a	93477b88a1cbff33a7ff4cdc98fc7023363678e573d4a4e725a15e924439c6ad	3633	tools/apex-ls/main.cpp
100644	042a27813b5e9f689de7ac610368b866315cae97	ea59e9cf39932dafc8c09c03f2bef7b29af5aef7614ec8e2268932b762f7dd2c	12070	tools/apex_compression_test.py
100644	8422320fcc7f8309508c7a2fcf541bb4e3f9368a	cb99d2ff2f4dd5916b32d4007a97c31c0dd7e1c5edd1514c505c8b7e56d24519	7292	tools/apex_compression_tool.py
100644	e3c55ecc8eff71677e7203a942bb1f8e10431d56	428f5346607b80fdf771697f358c2f48d121ce33d0fb80662e27df8ccde9647a	3925	tools/apex_elf_checker.py
100644	615908addbe5f29e80f8866177bd13390139979f	edf5a197d6f9243057927df992c03280cd9ed88a7dac0cef0043a29d74c958f5	2844	tools/apex_fix.py
100644	4ea6e1d3892d4eb482def3cd072ad958bf107fa7	b73316efef3020f27d87524ad325df9965b95743241929d422c56396b83d615b	1695	tools/apex_fix_test.py
100644	2597d5fb58afbff822f4bbefdcc88960ae86ce74	e4ed0d5ea55fe8455dfa0dd6df2534a1620c050853b710be741fb21795cd817b	805	tools/apexd-lsof.sh
100644	2c796348e85f97b2bfdf116c93cff5699beca86e	8ec8824c54f0d9dcd4b35ad4466344f7c7bf3f4ad00857d0893c73d5397189e6	6512	tools/apexd_host.py
100644	e5814ae2ad39c3ecd1622ec66d480ccff9e11fe9	97c717452d23581dda690d81ed2dccf47160a72d94efac80d03a1ee92fdd644f	3675	tools/apexer_with_trim_preprocessing.py
100644	5d13d7da3ab522417528570389e33601f364bcd5	f3440b100612ebb4b1265ac41bcace8346f21f3d25e8391e2f634b4567bff65a	663	tools/apexer_wrapper_utils.py
100644	2551c8c09852fb799dc85c8cb2c7c718a62b153e	17c34f55f6e0fe8a7835c32913714345902dd01e9528d8d975d559fafd09e5d9	3773	tools/brand_new_apex_verifier.py
100755	b7b672a9f1808e9e3a0acc99130e8242c02492e5	ba5efd8642f4d89ea9555cc7625d462f37d8d6d29405d3659c0f3e3b544e863a	3911	tools/create_apex_skeleton.sh
100755	c42724c072153fc9b237b8fb03e4bcd3d9498f91	14b1fa17f19983768e218bad8710cf967546dfa3694bf15bb2b52d3cae77c6ab	17309	tools/deapexer.py
100644	81667e3f4d6c9059d6c749e9e3741b6ffd2b1651	f0c19947eda23c253abe63ed78da43203a1a83012108cde6a3401fe1db92fc8b	8776	tools/host_apex_verifier.cc
100644	bd567789b251ed5d66551610361208a7612f533d	df7b3b02c3c7df290846947773d633ffda9b533490eee6db113493dd8cb6b8b6	3247	tools/testdata/com.android.example.apex.pem
100755	c3453006decef7bc08b331d1c8cee7b9fb18259c	0b18b7a6757581f9308bcb618f8e26ee0037692f457c168ffbae62047c832a93	275	tools/update_allowed_list.sh
